dateonunit_date,UnitName,Susceptible,SusceptibleX,Colonized,Infected,admission,discharge,transfer_in,transfer_out
8/11/1960,INTUnit1,6,4,8,2,3,3,1,0
8/12/1960,INTUnit1,3,8,8,2,4,4,1,0
8/13/1960,INTUnit1,2,12,7,1,5,4,1,0
8/14/1960,INTUnit1,3,10,10,1,6,3,0,3
8/15/1960,INTUnit1,2,10,12,0,3,3,1,0
8/16/1960,INTUnit1,3,9,13,0,4,2,0,3
8/17/1960,INTUnit1,3,8,13,0,1,2,5,0
8/18/1960,INTUnit1,4,11,13,0,5,8,0,0
8/19/1960,INTUnit1,7,6,12,0,5,5,0,0
8/20/1960,INTUnit1,5,8,12,0,5,8,0,0
8/21/1960,INTUnit1,3,9,10,0,5,4,0,1
8/22/1960,INTUnit1,3,9,10,0,4,3,0,1
8/23/1960,INTUnit1,2,9,11,0,3,5,0,1
8/24/1960,INTUnit1,1,7,11,0,2,1,0,0
8/25/1960,INTUnit1,2,7,11,0,2,3,2,0
8/26/1960,INTUnit1,4,7,10,0,4,2,0,0
8/27/1960,INTUnit1,4,10,9,0,4,4,1,0
8/28/1960,INTUnit1,2,14,8,0,6,3,0,2
8/29/1960,INTUnit1,4,13,8,0,4,3,0,1
8/30/1960,INTUnit1,5,12,8,0,3,5,0,0
8/31/1960,INTUnit1,7,8,8,0,3,4,1,0
9/1/1960,INTUnit1,4,8,9,2,4,2,0,0
9/2/1960,INTUnit1,3,11,7,4,4,3,0,0
9/3/1960,INTUnit1,4,11,7,4,4,4,0,1
9/4/1960,INTUnit1,3,10,8,4,3,3,1,0
9/5/1960,INTUnit1,3,10,9,4,4,5,0,1
9/6/1960,INTUnit1,2,11,10,1,3,4,3,0
9/7/1960,INTUnit1,3,14,8,1,6,6,0,3
9/8/1960,INTUnit1,3,10,9,1,3,2,0,1
9/9/1960,INTUnit1,2,10,10,1,2,4,3,0
9/10/1960,INTUnit1,1,12,11,0,5,4,0,1
9/11/1960,INTUnit1,0,14,10,0,4,2,1,0
9/12/1960,INTUnit1,1,17,9,0,5,5,0,0
9/13/1960,INTUnit1,3,15,9,0,5,4,0,2
9/14/1960,INTUnit1,3,14,9,0,3,4,0,1
9/15/1960,INTUnit1,4,9,11,0,2,5,3,0
9/16/1960,INTUnit1,3,11,10,0,5,4,1,0
9/17/1960,INTUnit1,3,11,12,0,6,5,0,3
9/18/1960,INTUnit1,5,10,9,0,3,3,0,1
9/19/1960,INTUnit1,4,9,10,0,2,1,3,0
9/20/1960,INTUnit1,2,14,11,0,5,6,2,0
9/21/1960,INTUnit1,3,14,11,0,7,5,0,2
9/22/1960,INTUnit1,5,12,10,1,6,6,0,0
9/23/1960,INTUnit1,5,14,9,0,6,5,0,2
9/24/1960,INTUnit1,5,13,9,0,4,7,0,2
9/25/1960,INTUnit1,4,13,5,0,2,3,5,0
9/26/1960,INTUnit1,6,15,5,0,7,4,0,2
9/27/1960,INTUnit1,8,14,5,0,5,6,0,1
9/28/1960,INTUnit1,9,12,4,0,4,3,2,0
9/29/1960,INTUnit1,10,15,3,0,6,8,0,3
9/30/1960,INTUnit1,3,18,2,0,3,6,4,0
10/1/1960,INTUnit1,3,18,3,0,7,4,0,1
10/2/1960,INTUnit1,5,19,2,0,6,4,0,0
10/3/1960,INTUnit1,6,20,2,0,6,7,0,3
10/4/1960,INTUnit1,4,18,2,0,3,4,3,0
10/5/1960,INTUnit1,4,21,1,0,6,5,0,5
10/6/1960,INTUnit1,3,18,1,0,3,4,3,0
10/7/1960,INTUnit1,4,18,2,0,6,8,0,0
10/8/1960,INTUnit1,4,16,2,0,6,2,0,2
10/9/1960,INTUnit1,7,15,2,0,4,5,2,0
10/10/1960,INTUnit1,8,15,2,0,6,4,0,2
10/11/1960,INTUnit1,7,14,4,0,4,7,0,0
10/12/1960,INTUnit1,7,10,5,0,4,4,0,0
10/13/1960,INTUnit1,4,14,4,0,5,4,0,0
10/14/1960,INTUnit1,3,15,5,0,5,4,0,2
10/15/1960,INTUnit1,5,14,3,0,3,5,0,0
10/16/1960,INTUnit1,7,10,3,0,3,2,2,0
10/17/1960,INTUnit1,8,11,4,0,5,3,0,1
10/18/1960,INTUnit1,5,13,6,0,3,4,1,0
10/19/1960,INTUnit1,5,13,6,0,4,5,4,0
10/20/1960,INTUnit1,5,18,4,0,8,5,0,6
10/21/1960,INTUnit1,7,15,2,0,2,6,5,0
10/22/1960,INTUnit1,2,17,6,0,7,5,0,2
10/23/1960,INTUnit1,4,15,6,0,5,6,0,3
10/24/1960,INTUnit1,4,12,5,0,2,1,3,0
10/25/1960,INTUnit1,3,16,6,0,5,5,0,0
10/26/1960,INTUnit1,4,17,4,0,5,5,1,0
10/27/1960,INTUnit1,4,17,5,0,6,5,0,0
10/28/1960,INTUnit1,4,18,5,0,6,8,0,2
10/29/1960,INTUnit1,2,16,5,0,5,1,0,3
10/30/1960,INTUnit1,2,17,5,0,3,4,1,0
10/31/1960,INTUnit1,1,18,5,0,3,4,0,0
11/1/1960,INTUnit1,2,16,5,0,3,3,1,0
11/2/1960,INTUnit1,1,17,6,0,4,2,0,2
11/3/1960,INTUnit1,1,17,6,0,2,4,6,0
11/4/1960,INTUnit1,4,17,7,0,7,8,0,0
11/5/1960,INTUnit1,9,11,7,0,8,5,0,5
11/6/1960,INTUnit1,9,9,7,0,3,5,0,0
11/7/1960,INTUnit1,6,12,5,0,3,5,2,0
11/8/1960,INTUnit1,4,14,5,0,5,4,0,2
11/9/1960,INTUnit1,3,13,6,0,3,2,1,0
11/10/1960,INTUnit1,5,13,6,0,4,7,0,0
11/11/1960,INTUnit1,4,12,5,0,4,4,2,0
11/12/1960,INTUnit1,5,13,5,0,6,4,0,0
11/13/1960,INTUnit1,4,16,5,0,6,6,0,2
11/14/1960,INTUnit1,4,16,3,0,5,4,0,0
11/15/1960,INTUnit1,6,15,3,0,5,4,0,2
11/16/1960,INTUnit1,5,15,3,0,3,6,1,0
11/17/1960,INTUnit1,7,10,4,0,4,4,3,0
11/18/1960,INTUnit1,6,15,3,0,7,8,0,2
11/19/1960,INTUnit1,2,16,3,0,5,1,0,1
11/20/1960,INTUnit1,3,18,3,0,4,6,3,0
11/21/1960,INTUnit1,6,18,1,0,7,8,0,0
11/22/1960,INTUnit1,2,20,2,0,7,6,0,3
11/23/1960,INTUnit1,3,17,2,0,4,4,0,0
11/24/1960,INTUnit1,5,15,2,0,4,7,0,2
11/25/1960,INTUnit1,3,13,1,0,3,3,2,0
11/26/1960,INTUnit1,1,16,2,0,5,1,0,3
11/27/1960,INTUnit1,1,17,2,0,2,2,3,0
11/28/1960,INTUnit1,2,19,2,0,5,5,0,3
11/29/1960,INTUnit1,2,16,2,0,2,3,3,0
11/30/1960,INTUnit1,1,19,2,0,5,4,0,0
12/1/1960,INTUnit1,2,19,2,0,5,5,0,3
12/2/1960,INTUnit1,3,16,1,0,2,4,4,0
12/3/1960,INTUnit1,1,20,1,0,5,4,0,2
12/4/1960,INTUnit1,1,19,1,0,3,3,0,0
12/5/1960,INTUnit1,2,18,1,0,3,4,0,0
12/6/1960,INTUnit1,3,16,1,0,3,2,4,0
12/7/1960,INTUnit1,4,20,1,0,7,8,0,2
12/8/1960,INTUnit1,2,17,2,1,5,4,0,1
12/9/1960,INTUnit1,0,20,1,1,4,2,0,0
12/10/1960,INTUnit1,1,21,1,1,4,4,1,0
12/11/1960,INTUnit1,5,18,1,1,5,6,1,0
12/12/1960,INTUnit1,6,16,1,2,7,6,0,1
12/13/1960,INTUnit1,6,15,2,2,6,5,0,1
12/14/1960,INTUnit1,6,17,1,1,5,5,2,0
12/15/1960,INTUnit1,6,19,2,0,7,5,0,3
12/16/1960,INTUnit1,6,17,2,1,4,7,2,0
12/17/1960,INTUnit1,7,14,3,1,6,8,0,2
12/18/1960,INTUnit1,3,15,2,1,5,2,0,1
12/19/1960,INTUnit1,6,14,2,1,4,3,1,0
12/20/1960,INTUnit1,4,17,3,1,5,4,0,1
12/21/1960,INTUnit1,5,17,3,0,3,3,3,0
12/22/1960,INTUnit1,4,20,3,1,6,7,0,1
12/23/1960,INTUnit1,5,18,2,1,5,6,0,2
12/24/1960,INTUnit1,2,19,1,1,3,5,3,0
12/25/1960,INTUnit1,4,17,3,0,6,2,0,2
12/26/1960,INTUnit1,4,18,3,1,4,7,2,0
12/27/1960,INTUnit1,3,19,2,1,6,5,1,0
12/28/1960,INTUnit1,4,21,2,0,7,7,0,0
12/29/1960,INTUnit1,4,20,3,0,7,7,0,5
12/30/1960,INTUnit1,4,15,3,0,3,3,3,0
12/31/1960,INTUnit1,4,18,3,0,6,3,0,3
1/1/1961,INTUnit1,3,19,3,0,3,3,3,0
1/2/1961,INTUnit1,3,21,3,1,6,7,0,1
1/3/1961,INTUnit1,6,17,2,1,5,7,0,1
1/4/1961,INTUnit1,5,15,2,1,4,4,0,2
1/5/1961,INTUnit1,2,16,2,1,2,4,2,0
1/6/1961,INTUnit1,1,17,2,1,4,5,2,0
1/7/1961,INTUnit1,1,18,3,0,6,4,0,0
1/8/1961,INTUnit1,3,18,3,0,6,4,0,2
1/9/1961,INTUnit1,2,15,7,0,4,4,2,0
1/10/1961,INTUnit1,3,16,7,0,6,4,0,3
1/11/1961,INTUnit1,3,16,6,0,3,8,5,0
1/12/1961,INTUnit1,3,18,4,0,7,6,0,1
1/13/1961,INTUnit1,4,18,3,0,5,3,0,1
1/14/1961,INTUnit1,6,17,3,0,4,4,1,0
1/15/1961,INTUnit1,5,19,3,0,5,4,0,1
1/16/1961,INTUnit1,6,17,4,0,4,5,0,2
1/17/1961,INTUnit1,4,17,3,0,2,4,3,0
1/18/1961,INTUnit1,4,18,3,0,5,5,0,1
1/19/1961,INTUnit1,5,17,2,0,4,5,2,0
1/20/1961,INTUnit1,4,19,2,0,6,6,0,4
1/21/1961,INTUnit1,3,16,2,0,2,1,1,0
1/22/1961,INTUnit1,3,18,2,0,3,4,2,0
1/23/1961,INTUnit1,4,18,2,0,5,6,0,0
1/24/1961,INTUnit1,4,16,3,0,5,3,0,0
1/25/1961,INTUnit1,4,17,4,0,5,6,0,2
1/26/1961,INTUnit1,4,14,4,0,3,4,3,0
1/27/1961,INTUnit1,5,14,5,0,6,5,0,3
1/28/1961,INTUnit1,4,15,3,0,3,3,1,0
1/29/1961,INTUnit1,4,16,3,0,4,7,3,0
1/30/1961,INTUnit1,5,15,3,0,5,5,3,0
1/31/1961,INTUnit1,7,15,4,0,8,6,0,5
2/1/1961,INTUnit1,4,14,5,0,3,4,4,0
2/2/1961,INTUnit1,5,15,6,0,7,11,0,1
2/3/1961,INTUnit1,4,14,3,0,6,4,0,1
2/4/1961,INTUnit1,4,15,3,0,5,5,0,2
2/5/1961,INTUnit1,5,12,3,0,3,4,1,0
2/6/1961,INTUnit1,3,12,5,0,4,3,0,0
2/7/1961,INTUnit1,6,10,5,0,4,5,1,0
2/8/1961,INTUnit1,5,13,3,0,5,4,3,0
2/9/1961,INTUnit1,6,16,3,0,8,7,0,4
2/10/1961,INTUnit1,4,15,3,0,4,5,0,1
2/11/1961,INTUnit1,2,15,3,0,3,1,1,0
2/12/1961,INTUnit1,2,19,1,1,4,1,0,0
2/13/1961,INTUnit1,3,20,2,1,4,4,1,0
2/14/1961,INTUnit1,3,20,3,1,5,5,0,1
2/15/1961,INTUnit1,4,18,2,2,4,4,0,0
2/16/1961,INTUnit1,1,20,2,3,4,6,0,1
2/17/1961,INTUnit1,1,20,1,1,3,3,0,0
2/18/1961,INTUnit1,1,22,0,0,2,4,4,0
2/19/1961,INTUnit1,0,23,1,1,6,3,0,2
2/20/1961,INTUnit1,2,21,2,1,4,7,3,0
2/21/1961,INTUnit1,1,21,4,0,6,5,0,4
2/22/1961,INTUnit1,2,18,3,0,2,2,4,0
2/23/1961,INTUnit1,2,21,4,0,6,6,0,1
2/24/1961,INTUnit1,3,19,3,1,5,3,0,1
2/25/1961,INTUnit1,3,20,2,2,4,7,0,0
2/26/1961,INTUnit1,0,22,1,1,4,3,2,0
2/27/1961,INTUnit1,1,23,2,1,6,6,0,2
2/28/1961,INTUnit1,1,22,2,0,4,3,0,0
3/1/1961,INTUnit1,0,23,1,2,4,4,1,0
3/2/1961,INTUnit1,0,24,0,3,5,6,0,2
3/3/1961,INTUnit1,0,22,0,2,3,3,3,0
3/4/1961,INTUnit1,1,22,2,2,6,5,0,2
3/5/1961,INTUnit1,3,19,2,2,5,3,0,2
3/6/1961,INTUnit1,4,19,1,2,3,6,2,0
3/7/1961,INTUnit1,5,18,0,2,5,4,0,4
3/8/1961,INTUnit1,3,17,0,2,1,3,2,0
3/9/1961,INTUnit1,4,16,1,1,3,7,5,0
3/10/1961,INTUnit1,3,17,3,0,8,3,0,5
3/11/1961,INTUnit1,3,16,3,1,3,1,2,0
3/12/1961,INTUnit1,3,20,3,1,5,6,0,2
3/13/1961,INTUnit1,3,17,3,1,3,3,5,0
3/14/1961,INTUnit1,1,21,6,1,8,10,0,4
3/15/1961,INTUnit1,1,16,6,0,4,6,0,2
3/16/1961,INTUnit1,0,13,6,0,2,4,5,0
3/17/1961,INTUnit1,2,16,4,0,7,2,0,3
3/18/1961,INTUnit1,4,16,4,0,4,4,1,0
3/19/1961,INTUnit1,4,17,4,0,5,3,0,1
3/20/1961,INTUnit1,2,20,4,0,4,4,2,0
3/21/1961,INTUnit1,2,20,6,0,6,6,2,0
3/22/1961,INTUnit1,4,19,7,0,8,8,0,4
3/23/1961,INTUnit1,5,18,3,0,4,4,0,2
3/24/1961,INTUnit1,4,16,4,0,2,5,3,0
3/25/1961,INTUnit1,6,15,3,0,5,3,0,1
3/26/1961,INTUnit1,7,15,3,0,4,2,0,0
3/27/1961,INTUnit1,6,16,5,0,4,6,2,0
3/28/1961,INTUnit1,4,18,5,0,6,7,0,1
3/29/1961,INTUnit1,4,15,6,0,5,6,1,0
3/30/1961,INTUnit1,5,14,6,0,6,3,0,0
3/31/1961,INTUnit1,3,19,6,0,6,9,0,5
4/1/1961,INTUnit1,1,12,6,1,1,0,4,0
4/2/1961,INTUnit1,2,16,6,1,5,5,0,2
4/3/1961,INTUnit1,2,15,5,1,3,4,5,0
4/4/1961,INTUnit1,5,16,5,1,8,6,0,0
4/5/1961,INTUnit1,4,20,4,1,8,7,0,5
4/6/1961,INTUnit1,3,16,5,1,3,5,3,0
4/7/1961,INTUnit1,4,17,4,1,6,5,0,1
4/8/1961,INTUnit1,5,17,3,1,5,5,2,0
4/9/1961,INTUnit1,2,19,7,0,7,8,0,1
4/10/1961,INTUnit1,2,18,6,0,6,5,1,0
4/11/1961,INTUnit1,3,17,8,0,7,8,1,0
4/12/1961,INTUnit1,2,17,9,0,9,8,0,2
4/13/1961,INTUnit1,3,16,8,0,7,6,0,5
4/14/1961,INTUnit1,2,14,7,0,2,6,6,0
4/15/1961,INTUnit1,1,20,4,0,8,6,0,7
4/16/1961,INTUnit1,0,17,3,0,2,2,4,0
4/17/1961,INTUnit1,2,19,3,0,6,2,0,1
4/18/1961,INTUnit1,6,17,4,0,5,4,0,0
4/19/1961,INTUnit1,6,18,4,0,5,7,1,0
4/20/1961,INTUnit1,3,21,3,0,6,4,0,4
4/21/1961,INTUnit1,3,18,4,0,3,6,0,0
4/22/1961,INTUnit1,1,15,6,0,3,4,3,0
4/23/1961,INTUnit1,2,15,7,0,5,4,0,0
4/24/1961,INTUnit1,3,16,6,0,6,3,0,2
4/25/1961,INTUnit1,3,15,8,0,4,5,1,0
4/26/1961,INTUnit1,2,17,7,0,6,5,0,0
4/27/1961,INTUnit1,4,17,6,0,6,5,0,2
4/28/1961,INTUnit1,6,15,5,0,3,5,2,0
4/29/1961,INTUnit1,5,16,5,0,5,5,0,0
4/30/1961,INTUnit1,5,15,6,0,5,7,0,1
5/1/1961,INTUnit1,4,12,7,0,4,3,2,0
5/2/1961,INTUnit1,5,15,6,0,5,5,2,0
5/3/1961,INTUnit1,6,16,6,0,7,4,0,3
5/4/1961,INTUnit1,5,18,5,0,5,6,0,1
5/5/1961,INTUnit1,2,18,6,0,4,7,1,0
5/6/1961,INTUnit1,4,15,5,0,5,5,1,0
5/7/1961,INTUnit1,6,14,5,0,6,2,0,4
5/8/1961,INTUnit1,6,13,6,0,2,3,3,0
5/9/1961,INTUnit1,5,14,8,0,5,6,0,4
5/10/1961,INTUnit1,4,10,8,0,2,4,3,0
5/11/1961,INTUnit1,3,14,6,0,5,5,0,1
5/12/1961,INTUnit1,4,13,5,0,4,3,0,1
5/13/1961,INTUnit1,4,13,5,0,3,2,0,1
5/14/1961,INTUnit1,5,12,5,0,2,1,4,0
5/15/1961,INTUnit1,6,15,6,0,6,5,0,4
5/16/1961,INTUnit1,5,13,6,0,2,5,2,0
5/17/1961,INTUnit1,5,13,5,0,4,4,1,0
5/18/1961,INTUnit1,7,12,5,0,5,3,0,2
5/19/1961,INTUnit1,5,13,5,1,2,5,3,0
5/20/1961,INTUnit1,3,15,5,1,5,3,0,5
5/21/1961,INTUnit1,1,14,5,1,0,1,8,0
5/22/1961,INTUnit1,3,19,5,1,7,7,0,2
5/23/1961,INTUnit1,2,20,3,1,5,7,2,0
5/24/1961,INTUnit1,1,18,6,1,7,5,0,3
5/25/1961,INTUnit1,4,14,6,1,5,5,3,0
5/26/1961,INTUnit1,5,14,7,2,8,7,0,5
5/27/1961,INTUnit1,4,14,4,2,3,8,2,0
5/28/1961,INTUnit1,3,12,4,2,5,2,0,1
5/29/1961,INTUnit1,4,14,4,1,4,4,0,3
5/30/1961,INTUnit1,4,14,1,1,1,1,5,0
5/31/1961,INTUnit1,3,18,4,0,6,6,0,1
6/1/1961,INTUnit1,5,16,3,0,5,7,2,0
6/2/1961,INTUnit1,4,17,3,0,7,5,0,6
6/3/1961,INTUnit1,3,15,2,0,1,0,5,0
6/4/1961,INTUnit1,6,18,2,0,6,3,0,4
6/5/1961,INTUnit1,5,18,2,0,2,2,4,0
6/6/1961,INTUnit1,7,20,2,0,6,12,0,1
6/7/1961,INTUnit1,4,16,2,0,5,4,0,1
6/8/1961,INTUnit1,5,15,2,0,4,3,2,0
6/9/1961,INTUnit1,6,15,4,0,6,4,0,3
6/10/1961,INTUnit1,3,17,4,0,3,2,1,0
6/11/1961,INTUnit1,3,18,5,0,4,4,0,0
6/12/1961,INTUnit1,2,18,6,0,4,9,2,0
6/13/1961,INTUnit1,3,14,6,0,6,5,0,2
6/14/1961,INTUnit1,3,13,6,0,4,3,0,0
6/15/1961,INTUnit1,1,19,3,0,4,2,0,1
6/16/1961,INTUnit1,2,18,4,0,2,5,1,0
6/17/1961,INTUnit1,1,17,4,0,3,1,1,0
6/18/1961,INTUnit1,4,18,3,0,5,4,2,0
6/19/1961,INTUnit1,5,19,4,0,6,6,0,0
6/20/1961,INTUnit1,4,20,4,0,6,6,0,2
6/21/1961,INTUnit1,3,20,3,0,4,7,0,0
6/22/1961,INTUnit1,1,19,3,0,4,5,0,2
6/23/1961,INTUnit1,2,16,2,0,2,1,5,0
6/24/1961,INTUnit1,6,18,2,0,7,3,0,4
6/25/1961,INTUnit1,9,15,2,0,3,6,3,0
6/26/1961,INTUnit1,7,17,2,0,6,5,0,2
6/27/1961,INTUnit1,5,17,2,1,4,4,0,3
6/28/1961,INTUnit1,4,16,1,1,1,5,4,0
6/29/1961,INTUnit1,3,17,1,1,5,6,0,1
6/30/1961,INTUnit1,1,17,1,1,5,2,0,1
7/1/1961,INTUnit1,2,18,1,1,4,5,2,0
7/2/1961,INTUnit1,3,17,2,1,6,3,0,1
7/3/1961,INTUnit1,5,17,2,1,5,5,0,1
7/4/1961,INTUnit1,6,15,3,0,4,4,1,0
7/5/1961,INTUnit1,7,15,3,0,5,5,1,0
7/6/1961,INTUnit1,4,18,4,0,6,6,1,0
7/7/1961,INTUnit1,4,20,3,0,7,4,0,3
7/8/1961,INTUnit1,2,20,5,0,4,7,0,1
7/9/1961,INTUnit1,2,18,3,0,4,3,0,0
7/10/1961,INTUnit1,4,16,4,0,4,2,0,0
7/11/1961,INTUnit1,6,17,3,0,4,6,0,1
7/12/1961,INTUnit1,4,17,2,0,3,5,5,0
7/13/1961,INTUnit1,6,18,2,0,8,4,0,6
7/14/1961,INTUnit1,7,15,2,0,2,4,2,0
7/15/1961,INTUnit1,6,15,3,0,4,5,0,0
7/16/1961,INTUnit1,4,16,3,0,4,3,0,0
7/17/1961,INTUnit1,4,16,4,0,4,8,0,2
7/18/1961,INTUnit1,2,12,4,0,2,1,0,0
7/19/1961,INTUnit1,2,13,4,0,2,2,5,0
7/20/1961,INTUnit1,4,15,5,0,7,6,0,4
7/21/1961,INTUnit1,4,14,3,0,3,2,0,2
7/22/1961,INTUnit1,3,14,3,0,1,2,2,0
7/23/1961,INTUnit1,3,14,4,0,3,3,2,0
7/24/1961,INTUnit1,3,15,5,0,5,5,0,0
7/25/1961,INTUnit1,4,17,2,0,5,5,0,3
7/26/1961,INTUnit1,1,18,1,0,3,2,0,0
7/27/1961,INTUnit1,1,17,2,1,3,5,2,0
7/28/1961,INTUnit1,4,14,3,0,5,4,2,0
7/29/1961,INTUnit1,6,14,4,0,7,5,0,1
7/30/1961,INTUnit1,6,16,3,0,5,6,0,1
7/31/1961,INTUnit1,3,17,3,0,4,5,0,2
8/1/1961,INTUnit1,3,13,4,0,2,3,2,0
8/2/1961,INTUnit1,4,14,3,0,4,2,2,0
8/3/1961,INTUnit1,4,17,4,0,6,3,0,5
8/4/1961,INTUnit1,2,18,3,0,1,4,4,0
8/5/1961,INTUnit1,1,20,3,0,5,4,0,0
8/6/1961,INTUnit1,2,18,5,0,7,3,0,4
8/7/1961,INTUnit1,3,15,7,0,4,5,2,0
8/8/1961,INTUnit1,4,15,7,0,6,6,0,0
8/9/1961,INTUnit1,4,15,7,0,6,5,0,1
8/10/1961,INTUnit1,6,12,8,0,5,5,1,0
8/11/1961,INTUnit1,5,14,8,0,6,6,0,3
8/12/1961,INTUnit1,2,15,7,0,3,2,0,0
8/13/1961,INTUnit1,4,15,6,0,3,4,0,0
8/14/1961,INTUnit1,3,16,5,0,3,2,0,1
8/15/1961,INTUnit1,0,19,5,0,3,4,0,0
8/16/1961,INTUnit1,0,18,5,0,3,2,0,1
8/17/1961,INTUnit1,1,18,4,0,2,6,3,0
8/18/1961,INTUnit1,3,17,2,0,6,5,0,1
8/19/1961,INTUnit1,6,14,2,0,4,1,0,0
8/20/1961,INTUnit1,5,17,3,0,4,7,3,0
8/21/1961,INTUnit1,3,17,5,0,7,2,0,2
8/22/1961,INTUnit1,4,20,4,0,5,5,0,1
8/23/1961,INTUnit1,3,20,4,0,4,5,0,0
8/24/1961,INTUnit1,3,19,4,0,4,5,0,0
8/25/1961,INTUnit1,5,17,3,0,4,5,0,0
8/26/1961,INTUnit1,7,14,3,0,4,3,0,2
8/27/1961,INTUnit1,6,14,3,0,2,2,0,0
8/28/1961,INTUnit1,5,16,2,0,2,0,4,0
8/29/1961,INTUnit1,8,18,3,0,6,9,0,0
8/30/1961,INTUnit1,6,16,4,0,6,5,0,1
8/31/1961,INTUnit1,6,16,4,0,5,6,2,0
9/1/1961,INTUnit1,5,17,5,0,7,5,0,3
9/2/1961,INTUnit1,2,19,5,0,5,3,0,4
9/3/1961,INTUnit1,2,18,4,0,1,5,4,0
9/4/1961,INTUnit1,1,19,4,0,5,2,0,4
9/5/1961,INTUnit1,2,16,5,0,2,4,2,0
9/6/1961,INTUnit1,2,16,5,0,2,3,3,0
9/7/1961,INTUnit1,2,18,5,0,4,5,0,0
9/8/1961,INTUnit1,2,18,4,0,5,6,0,2
9/9/1961,INTUnit1,2,15,4,0,3,3,1,0
9/10/1961,INTUnit1,1,15,6,0,3,2,1,0
9/11/1961,INTUnit1,1,18,5,0,4,3,0,0
9/12/1961,INTUnit1,4,16,5,0,5,3,0,2
9/13/1961,INTUnit1,5,15,5,0,3,4,5,0
9/14/1961,INTUnit1,3,19,7,0,8,7,0,3
9/15/1961,INTUnit1,4,15,8,0,5,5,0,2
9/16/1961,INTUnit1,4,13,8,0,3,4,0,2
9/17/1961,INTUnit1,3,11,8,0,1,3,4,0
9/18/1961,INTUnit1,2,13,9,0,5,5,0,3
9/19/1961,INTUnit1,2,12,7,0,2,2,3,0
9/20/1961,INTUnit1,5,12,7,0,5,7,1,0
9/21/1961,INTUnit1,5,11,7,0,6,3,0,5
9/22/1961,INTUnit1,3,11,7,0,2,5,4,0
9/23/1961,INTUnit1,5,9,8,0,6,1,0,4
9/24/1961,INTUnit1,5,10,7,1,2,3,1,0
9/25/1961,INTUnit1,3,12,7,1,3,1,2,0
9/26/1961,INTUnit1,3,15,8,1,5,5,0,1
9/27/1961,INTUnit1,3,16,6,1,4,6,1,0
9/28/1961,INTUnit1,0,18,7,0,5,2,0,3
9/29/1961,INTUnit1,0,18,7,0,2,2,3,0
9/30/1961,INTUnit1,2,17,9,0,5,7,0,0
10/1/1961,INTUnit1,4,16,6,0,5,4,0,1
10/2/1961,INTUnit1,4,17,5,0,4,6,0,0
10/3/1961,INTUnit1,3,16,5,0,4,4,1,0
10/4/1961,INTUnit1,2,17,6,0,5,5,0,0
10/5/1961,INTUnit1,7,13,5,0,5,4,0,0
10/6/1961,INTUnit1,10,11,5,0,5,5,0,2
10/7/1961,INTUnit1,8,12,4,0,3,4,4,0
10/8/1961,INTUnit1,8,15,4,0,7,5,0,2
10/9/1961,INTUnit1,9,12,5,1,5,5,1,0
10/10/1961,INTUnit1,10,13,4,1,6,7,4,0
10/11/1961,INTUnit1,8,15,7,1,9,6,0,8
10/12/1961,INTUnit1,5,13,7,1,1,3,3,0
10/13/1961,INTUnit1,4,14,9,0,4,5,0,1
10/14/1961,INTUnit1,4,11,9,1,4,3,0,1
10/15/1961,INTUnit1,3,13,8,1,3,3,1,0
10/16/1961,INTUnit1,3,15,7,1,4,3,0,1
10/17/1961,INTUnit1,5,14,7,0,3,3,0,0
10/18/1961,INTUnit1,4,15,7,0,3,4,2,0
10/19/1961,INTUnit1,6,15,6,0,5,6,2,0
10/20/1961,INTUnit1,4,19,5,0,7,7,0,4
10/21/1961,INTUnit1,3,15,6,0,3,4,0,3
10/22/1961,INTUnit1,3,11,6,0,0,1,5,0
10/23/1961,INTUnit1,5,12,7,0,5,3,2,0
10/24/1961,INTUnit1,5,15,8,0,7,8,0,1
10/25/1961,INTUnit1,4,14,7,1,6,5,0,0
10/26/1961,INTUnit1,4,15,7,1,6,8,0,3
10/27/1961,INTUnit1,2,11,8,1,3,4,2,0
10/28/1961,INTUnit1,4,10,8,1,5,2,0,3
10/29/1961,INTUnit1,4,9,9,1,3,2,2,0
10/30/1961,INTUnit1,6,10,9,1,5,4,0,3
10/31/1961,INTUnit1,4,11,9,0,2,5,4,0
11/1/1961,INTUnit1,4,13,8,0,6,5,0,2
11/2/1961,INTUnit1,4,13,6,1,4,5,1,0
11/3/1961,INTUnit1,1,17,5,1,5,5,0,0
11/4/1961,INTUnit1,2,16,5,1,5,4,2,0
11/5/1961,INTUnit1,1,19,6,1,7,6,0,4
11/6/1961,INTUnit1,2,16,5,1,3,5,3,0
11/7/1961,INTUnit1,4,16,4,1,6,5,0,2
11/8/1961,INTUnit1,2,17,4,1,4,5,4,0
11/9/1961,INTUnit1,1,22,4,0,8,5,0,4
11/10/1961,INTUnit1,2,19,5,0,4,6,0,1
11/11/1961,INTUnit1,2,16,5,0,3,2,0,1
11/12/1961,INTUnit1,2,16,5,0,2,3,1,0
11/13/1961,INTUnit1,1,17,5,0,3,2,3,0
11/14/1961,INTUnit1,3,17,7,0,6,6,0,3
11/15/1961,INTUnit1,4,13,7,0,3,5,1,0
11/16/1961,INTUnit1,3,13,7,0,4,3,0,3
11/17/1961,INTUnit1,3,11,7,0,1,3,4,0
11/18/1961,INTUnit1,4,13,6,0,5,3,0,1
11/19/1961,INTUnit1,5,13,6,0,4,4,0,0
11/20/1961,INTUnit1,4,15,5,0,4,2,0,1
11/21/1961,INTUnit1,4,15,6,0,3,4,0,0
11/22/1961,INTUnit1,1,16,7,0,3,4,1,0
11/23/1961,INTUnit1,2,15,7,0,4,3,0,0
11/24/1961,INTUnit1,2,15,8,0,4,2,0,0
11/25/1961,INTUnit1,3,15,9,0,4,8,0,2
11/26/1961,INTUnit1,2,13,6,0,2,3,2,0
11/27/1961,INTUnit1,3,13,6,0,4,1,1,0
11/28/1961,INTUnit1,2,17,7,0,5,7,0,0
11/29/1961,INTUnit1,3,15,6,0,5,3,0,1
11/30/1961,INTUnit1,4,15,6,0,4,4,1,0
12/1/1961,INTUnit1,4,16,6,0,5,5,0,4
12/2/1961,INTUnit1,3,14,5,0,1,3,1,0
12/3/1961,INTUnit1,2,15,4,0,2,3,3,0
12/4/1961,INTUnit1,2,17,4,0,5,2,0,3
12/5/1961,INTUnit1,3,14,6,0,2,3,1,0
12/6/1961,INTUnit1,3,15,5,0,3,6,1,0
12/7/1961,INTUnit1,2,15,4,0,4,2,1,0
12/8/1961,INTUnit1,2,16,6,0,6,5,0,0
12/9/1961,INTUnit1,2,17,6,0,6,5,0,1
12/10/1961,INTUnit1,4,14,7,0,5,3,0,3
12/11/1961,INTUnit1,4,15,5,0,2,4,4,0
12/12/1961,INTUnit1,5,16,5,0,6,4,0,4
12/13/1961,INTUnit1,3,17,4,0,2,4,2,0
12/14/1961,INTUnit1,2,18,4,0,4,3,0,2
12/15/1961,INTUnit1,2,16,5,0,2,3,1,0
12/16/1961,INTUnit1,3,15,5,0,3,2,2,0
12/17/1961,INTUnit1,4,17,5,0,5,3,0,4
12/18/1961,INTUnit1,3,17,4,0,1,2,3,0
12/19/1961,INTUnit1,4,18,4,0,4,3,0,1
12/20/1961,INTUnit1,5,15,6,0,3,5,3,0
12/21/1961,INTUnit1,7,15,5,0,6,5,0,4
12/22/1961,INTUnit1,5,15,4,0,2,3,2,0
12/23/1961,INTUnit1,4,17,4,0,4,3,0,0
12/24/1961,INTUnit1,3,18,5,0,4,4,0,1
12/25/1961,INTUnit1,3,17,5,0,3,2,0,2
12/26/1961,INTUnit1,3,16,5,0,1,3,2,0
12/27/1961,INTUnit1,3,16,5,0,3,2,0,2
12/28/1961,INTUnit1,3,16,4,0,1,1,5,0
12/29/1961,INTUnit1,1,23,4,0,6,5,0,5
12/30/1961,INTUnit1,0,19,5,0,1,2,0,0
12/31/1961,INTUnit1,0,18,5,0,1,3,4,0
1/1/1962,INTUnit1,1,19,5,0,5,5,2,0
1/2/1962,INTUnit1,4,18,5,0,7,6,0,3
1/3/1962,INTUnit1,4,16,5,0,4,5,1,0
1/4/1962,INTUnit1,4,15,6,0,5,4,0,2
1/5/1962,INTUnit1,2,16,6,0,3,3,2,0
1/6/1962,INTUnit1,2,16,8,0,5,4,0,1
1/7/1962,INTUnit1,3,15,8,0,4,5,2,0
1/8/1962,INTUnit1,5,15,7,0,6,6,0,3
1/9/1962,INTUnit1,4,14,6,0,3,2,0,2
1/10/1962,INTUnit1,3,14,6,0,1,2,2,0
1/11/1962,INTUnit1,2,16,6,0,3,5,4,0
1/12/1962,INTUnit1,3,18,5,0,6,8,1,0
1/13/1962,INTUnit1,1,20,4,0,7,3,0,5
1/14/1962,INTUnit1,2,18,4,0,2,2,0,0
1/15/1962,INTUnit1,2,18,4,0,2,4,3,0
1/16/1962,INTUnit1,0,21,4,0,5,5,0,2
1/17/1962,INTUnit1,1,18,4,0,3,4,3,0
1/18/1962,INTUnit1,2,18,5,0,6,5,0,3
1/19/1962,INTUnit1,2,15,6,0,3,4,2,0
1/20/1962,INTUnit1,3,14,7,0,5,2,0,4
1/21/1962,INTUnit1,3,13,7,0,1,2,5,0
1/22/1962,INTUnit1,7,12,8,0,6,8,0,4
1/23/1962,INTUnit1,5,9,7,0,2,3,3,0
1/24/1962,INTUnit1,5,11,7,0,5,1,1,0
1/25/1962,INTUnit1,5,16,7,0,6,7,0,2
1/26/1962,INTUnit1,4,16,5,0,4,4,2,0
1/27/1962,INTUnit1,5,18,4,0,6,6,0,1
1/28/1962,INTUnit1,3,20,3,0,5,3,0,1
1/29/1962,INTUnit1,5,18,4,0,4,5,0,2
1/30/1962,INTUnit1,3,15,6,0,2,4,4,0
1/31/1962,INTUnit1,4,15,7,0,6,4,0,1
2/1/1962,INTUnit1,5,14,8,0,5,5,0,0
2/2/1962,INTUnit1,6,15,6,0,5,7,0,1
2/3/1962,INTUnit1,6,12,6,0,4,1,0,1
2/4/1962,INTUnit1,3,17,6,0,3,5,2,0
2/5/1962,INTUnit1,0,19,7,0,5,4,0,1
2/6/1962,INTUnit1,0,17,9,0,4,2,0,0
2/7/1962,INTUnit1,1,19,8,0,4,5,1,0
2/8/1962,INTUnit1,2,19,7,0,4,4,0,0
2/9/1962,INTUnit1,2,18,8,0,4,5,0,0
2/10/1962,INTUnit1,1,18,8,0,4,3,0,1
2/11/1962,INTUnit1,2,18,7,0,4,3,0,3
2/12/1962,INTUnit1,2,16,7,0,1,4,2,0
2/13/1962,INTUnit1,1,18,5,0,3,3,2,0
2/14/1962,INTUnit1,0,21,5,0,5,5,0,0
2/15/1962,INTUnit1,1,21,4,0,5,4,0,1
2/16/1962,INTUnit1,2,21,3,0,3,3,2,0
2/17/1962,INTUnit1,2,23,3,0,5,5,0,2
2/18/1962,INTUnit1,2,21,3,0,3,3,1,0
2/19/1962,INTUnit1,2,21,4,0,4,3,0,2
2/20/1962,INTUnit1,2,19,5,0,2,3,0,0
2/21/1962,INTUnit1,1,17,6,1,3,2,0,0
2/22/1962,INTUnit1,1,17,7,1,3,6,3,0
2/23/1962,INTUnit1,4,15,6,1,5,3,0,0
2/24/1962,INTUnit1,5,16,6,1,5,5,0,1
2/25/1962,INTUnit1,3,18,6,0,4,5,0,1
2/26/1962,INTUnit1,2,17,6,0,3,3,0,0
2/27/1962,INTUnit1,3,16,6,0,4,4,0,0
2/28/1962,INTUnit1,3,18,4,0,4,3,0,1
3/1/1962,INTUnit1,3,18,4,0,3,7,4,0
3/2/1962,INTUnit1,3,18,4,0,6,4,0,2
3/3/1962,INTUnit1,5,17,3,0,4,5,1,0
3/4/1962,INTUnit1,5,17,3,0,5,5,0,1
3/5/1962,INTUnit1,6,15,3,0,4,4,0,1
3/6/1962,INTUnit1,6,14,3,0,3,1,0,2
3/7/1962,INTUnit1,6,13,4,0,1,3,4,0
3/8/1962,INTUnit1,6,12,7,0,5,3,0,0
3/9/1962,INTUnit1,5,15,7,0,5,7,0,2
3/10/1962,INTUnit1,2,15,6,0,3,3,1,0
3/11/1962,INTUnit1,3,14,7,0,4,5,0,0
3/12/1962,INTUnit1,1,14,8,0,4,3,1,0
3/13/1962,INTUnit1,4,13,8,0,5,2,0,3
3/14/1962,INTUnit1,5,12,8,0,2,5,3,0
3/15/1962,INTUnit1,3,14,8,0,5,5,0,1
3/16/1962,INTUnit1,2,14,7,1,4,2,1,0
3/17/1962,INTUnit1,2,16,8,1,5,4,0,3
3/18/1962,INTUnit1,1,16,7,1,2,4,3,0
3/19/1962,INTUnit1,0,20,6,0,5,6,0,0
3/20/1962,INTUnit1,0,16,9,0,5,3,2,0
3/21/1962,INTUnit1,1,19,9,0,7,7,0,3
3/22/1962,INTUnit1,3,13,9,1,4,5,0,0
3/23/1962,INTUnit1,4,11,8,2,4,2,0,0
3/24/1962,INTUnit1,5,11,9,2,4,7,0,0
3/25/1962,INTUnit1,2,12,7,3,4,3,0,0
3/26/1962,INTUnit1,4,12,6,3,5,3,2,0
3/27/1962,INTUnit1,4,16,6,3,7,7,0,5
3/28/1962,INTUnit1,2,14,5,3,2,3,4,0
3/29/1962,INTUnit1,3,16,5,3,5,8,0,3
3/30/1962,INTUnit1,3,12,4,2,2,3,2,0
3/31/1962,INTUnit1,4,12,5,1,4,5,2,0
4/1/1962,INTUnit1,5,14,4,0,6,3,0,4
4/2/1962,INTUnit1,3,15,4,0,2,3,1,0
4/3/1962,INTUnit1,4,14,4,0,3,2,0,0
4/4/1962,INTUnit1,3,15,5,0,3,3,2,0
4/5/1962,INTUnit1,4,15,6,0,5,3,0,3
4/6/1962,INTUnit1,4,14,6,0,2,3,2,0
4/7/1962,INTUnit1,4,17,4,0,4,4,0,0
4/8/1962,INTUnit1,5,16,4,0,4,2,1,0
4/9/1962,INTUnit1,7,15,6,0,5,7,0,0
4/10/1962,INTUnit1,3,18,5,0,5,3,0,0
4/11/1962,INTUnit1,5,18,4,1,5,4,0,3
4/12/1962,INTUnit1,4,17,4,1,2,4,0,1
4/13/1962,INTUnit1,3,16,3,1,1,3,1,0
4/14/1962,INTUnit1,4,15,3,0,2,1,2,0
4/15/1962,INTUnit1,6,16,3,0,4,6,1,0
4/16/1962,INTUnit1,9,12,3,0,5,4,0,4
4/17/1962,INTUnit1,7,10,4,0,1,1,4,0
4/18/1962,INTUnit1,7,14,4,0,5,6,0,2
4/19/1962,INTUnit1,6,12,4,0,3,3,1,0
4/20/1962,INTUnit1,6,12,5,0,4,5,2,0
4/21/1962,INTUnit1,5,16,3,0,5,2,0,2
4/22/1962,INTUnit1,5,16,4,0,3,2,0,1
4/23/1962,INTUnit1,3,18,4,0,2,5,4,0
4/24/1962,INTUnit1,2,18,6,0,6,4,0,3
4/25/1962,INTUnit1,1,19,5,0,3,4,1,0
4/26/1962,INTUnit1,3,17,5,0,4,7,1,0
4/27/1962,INTUnit1,5,13,5,0,4,3,0,0
4/28/1962,INTUnit1,6,13,5,0,4,1,1,0
4/29/1962,INTUnit1,7,16,5,0,5,5,0,4
4/30/1962,INTUnit1,5,15,4,0,1,2,8,0
5/1/1962,INTUnit1,8,18,5,0,9,9,0,3
5/2/1962,INTUnit1,7,15,6,0,6,8,1,0
5/3/1962,INTUnit1,6,16,5,0,7,6,0,3
5/4/1962,INTUnit1,4,15,5,1,4,3,0,1
5/5/1962,INTUnit1,3,15,6,1,3,4,3,0
5/6/1962,INTUnit1,4,15,7,1,5,5,1,0
5/7/1962,INTUnit1,7,14,7,0,6,6,0,2
5/8/1962,INTUnit1,5,15,6,0,4,5,2,0
5/9/1962,INTUnit1,3,18,6,0,6,4,0,4
5/10/1962,INTUnit1,3,16,6,0,2,6,7,0
5/11/1962,INTUnit1,7,15,6,0,9,6,0,6
5/12/1962,INTUnit1,7,13,5,0,3,3,0,0
5/13/1962,INTUnit1,6,14,5,0,3,4,0,0
5/14/1962,INTUnit1,4,13,6,1,3,3,0,2
5/15/1962,INTUnit1,3,13,5,1,1,1,1,0
5/16/1962,INTUnit1,2,14,6,1,2,3,4,0
5/17/1962,INTUnit1,1,18,5,2,6,4,0,1
5/18/1962,INTUnit1,3,17,5,2,5,4,1,0
5/19/1962,INTUnit1,3,19,6,1,6,6,0,5
5/20/1962,INTUnit1,1,16,6,1,2,2,3,0
5/21/1962,INTUnit1,1,19,6,1,5,3,0,2
5/22/1962,INTUnit1,1,19,6,1,3,6,1,0
5/23/1962,INTUnit1,0,17,6,2,4,3,1,0
5/24/1962,INTUnit1,1,17,7,2,5,4,0,1
5/25/1962,INTUnit1,2,16,8,1,4,6,0,0
5/26/1962,INTUnit1,2,14,8,1,4,3,0,3
5/27/1962,INTUnit1,1,15,7,0,1,2,6,0
5/28/1962,INTUnit1,1,19,6,2,7,7,0,5
5/29/1962,INTUnit1,2,13,6,2,2,1,0,2
5/30/1962,INTUnit1,2,12,6,2,1,1,3,0
5/31/1962,INTUnit1,2,14,7,2,4,4,0,0
6/1/1962,INTUnit1,1,15,7,2,4,5,0,2
6/2/1962,INTUnit1,1,14,5,2,2,2,4,0
6/3/1962,INTUnit1,2,16,6,2,7,5,0,1
6/4/1962,INTUnit1,3,17,7,0,6,6,0,2
6/5/1962,INTUnit1,4,15,6,0,4,4,2,0
6/6/1962,INTUnit1,2,18,7,0,6,7,0,4
6/7/1962,INTUnit1,2,13,7,0,2,4,4,0
6/8/1962,INTUnit1,3,11,9,1,6,6,0,0
6/9/1962,INTUnit1,6,11,6,1,6,5,0,0
6/10/1962,INTUnit1,7,12,5,1,6,4,1,0
6/11/1962,INTUnit1,6,15,6,1,7,7,0,7
6/12/1962,INTUnit1,1,14,6,0,1,0,3,0
6/13/1962,INTUnit1,1,17,7,0,4,3,0,0
6/14/1962,INTUnit1,2,17,7,0,4,3,0,0
6/15/1962,INTUnit1,3,16,8,0,4,6,1,0
6/16/1962,INTUnit1,2,18,6,0,5,4,0,1
6/17/1962,INTUnit1,0,19,7,0,4,4,0,1
6/18/1962,INTUnit1,0,18,7,0,3,5,0,1
6/19/1962,INTUnit1,0,14,8,0,2,3,3,0
6/20/1962,INTUnit1,2,12,10,0,5,4,0,3
6/21/1962,INTUnit1,4,11,7,0,2,4,0,0
6/22/1962,INTUnit1,3,9,8,0,2,2,0,0
6/23/1962,INTUnit1,3,9,8,0,2,3,1,0
6/24/1962,INTUnit1,3,11,6,0,3,5,0,0
6/25/1962,INTUnit1,3,10,4,1,3,3,0,1
6/26/1962,INTUnit1,3,9,4,1,3,4,1,0
6/27/1962,INTUnit1,4,8,4,1,4,3,0,0
6/28/1962,INTUnit1,5,7,5,1,4,2,0,0
6/29/1962,INTUnit1,7,8,4,1,4,4,0,2
6/30/1962,INTUnit1,6,7,4,1,2,1,3,0
7/1/1962,INTUnit1,4,14,3,1,5,4,0,1
7/2/1962,INTUnit1,5,13,3,1,5,4,0,2
7/3/1962,INTUnit1,4,13,4,0,3,6,2,0
7/4/1962,INTUnit1,4,11,5,0,5,3,0,0
7/5/1962,INTUnit1,4,12,6,0,5,4,0,2
7/6/1962,INTUnit1,3,13,4,1,3,6,3,0
7/7/1962,INTUnit1,2,14,4,1,6,4,0,4
7/8/1962,INTUnit1,2,12,4,1,2,2,0,0
7/9/1962,INTUnit1,2,13,3,1,2,4,2,0
7/10/1962,INTUnit1,1,13,4,1,3,2,0,1
7/11/1962,INTUnit1,0,14,4,1,2,3,3,0
7/12/1962,INTUnit1,1,15,4,1,5,5,0,0
7/13/1962,INTUnit1,2,16,3,0,4,5,0,1
7/14/1962,INTUnit1,1,16,2,0,3,2,0,1
7/15/1962,INTUnit1,1,16,2,0,3,3,0,0
7/16/1962,INTUnit1,2,14,3,0,3,2,0,0
7/17/1962,INTUnit1,1,16,3,0,3,3,0,2
7/18/1962,INTUnit1,1,14,3,0,1,3,3,0
7/19/1962,INTUnit1,1,14,4,0,4,1,0,0
7/20/1962,INTUnit1,1,17,4,0,4,3,1,0
7/21/1962,INTUnit1,3,17,4,0,5,3,0,1
7/22/1962,INTUnit1,6,16,3,0,4,3,4,0
7/23/1962,INTUnit1,8,19,3,0,8,9,0,4
7/24/1962,INTUnit1,7,17,1,0,4,4,3,0
7/25/1962,INTUnit1,8,18,2,0,8,8,0,4
7/26/1962,INTUnit1,7,15,2,0,3,4,0,0
7/27/1962,INTUnit1,8,14,1,0,3,3,0,0
7/28/1962,INTUnit1,5,17,1,0,4,2,0,1
7/29/1962,INTUnit1,5,18,1,0,3,4,0,0
7/30/1962,INTUnit1,6,15,2,0,3,2,2,0
7/31/1962,INTUnit1,7,17,2,0,5,6,0,2
8/1/1962,INTUnit1,3,18,2,0,3,3,1,0
8/2/1962,INTUnit1,3,19,2,0,4,3,0,0
8/3/1962,INTUnit1,3,18,4,0,4,6,3,0
8/4/1962,INTUnit1,4,20,2,0,7,6,0,3
8/5/1962,INTUnit1,2,18,4,0,4,5,0,2
8/6/1962,INTUnit1,1,17,2,1,2,2,4,0
8/7/1962,INTUnit1,2,20,2,1,6,4,0,2
8/8/1962,INTUnit1,3,19,2,1,4,5,0,0
8/9/1962,INTUnit1,3,19,1,1,4,2,2,0
8/10/1962,INTUnit1,4,20,3,1,6,6,0,0
