dateonunit_date,UnitName,Susceptible,Colonized,Infected,SusceptibleX,SusceptibleX_vanc,SusceptibleX_all,SusceptibleX_ppi,admission,discharge,coe_score,ltachsnf,loshrscalc,isolationorder4,female,age,inpatient_days_prior,inpatient_icu_days_prior,priorencounters365,HCW_contacts,practitioner_contacts,nursing_contacts,unknown_contacts,therapist_contacts,tech_contacts,other_contacts,hcwconnectionsnew,therapistconnsnew,practitionerconnsnew,nursingconnsnew,otherconnsnew,techconnsnew,unknownconnsnew,unknownconnsnew_vre365,techconnsnew_vre365,otherconnsnew_vre365,nursingconnsnew_vre365,therapistconnsnew_vre365,practitionerconnsnew_vre365,hcwconnectionsnew_vre365,N,transfer
8/11/1961,INTUnit5,7,1,0,5,3,5,5,0,1,,0.125,28.33333397,0.125,,,,,2.5,26.25,0.0,19.375,0.0,2.875,4.0,0.0,9.875,1.375,0.0,7.125,0.0,1.375,0.0,0.0,0.0,0.0,0.125,0.0,0.0,0.125,8,1.0
8/12/1961,INTUnit5,7,1,0,6,3,6,6,1,3,1.0,0.125,89.44999695,0.125,0.0,59.0,,,2.5,32.875,0.5,24.0,0.0,3.375,2.875,2.125,9.0,1.625,0.0,6.75,0.0,0.625,0.0,0.0,0.125,0.0,0.375,0.0,0.0,0.5,8,1.0
8/13/1961,INTUnit5,6,1,0,5,3,5,5,2,0,0.0,0.14285714900000002,,0.14285714900000002,0.5,74.0,,,3.142857075,36.28571429,2.5714285709999998,26.28571429,0.14285714300000002,4.8571428569999995,1.142857143,1.285714286,3.857142857,2.285714286,0.0,1.571428571,0.0,0.0,0.0,0.0,0.0,0.0,0.28571428600000004,0.14285714300000002,0.0,0.428571429,7,0.0
8/14/1961,INTUnit5,8,1,0,7,5,7,7,2,2,4.5,0.111111112,21.375,0.222222224,0.5,74.0,2.9840277289999997,1.011111083,3.4444444180000002,31.22222222,2.888888889,21.0,0.666666667,3.333333333,3.333333333,0.0,7.777777778,2.444444444,1.111111111,3.5555555560000003,0.0,0.666666667,0.0,0.0,0.111111111,0.0,0.333333333,0.0,0.0,0.444444444,9,1.0
8/15/1961,INTUnit5,9,1,0,8,7,8,9,3,3,0.666666687,0.10000000099999999,87.3666687,0.300000012,0.666666687,64.66666412,,,3.0,30.0,0.1,22.4,0.1,3.4,3.2,0.8,8.555555556,1.111111111,0.0,5.8888888889999995,0.333333333,1.222222222,0.0,0.0,0.0,0.0,0.666666667,0.111111111,0.0,0.7777777779999999,10,-3.0
8/16/1961,INTUnit5,7,0,0,6,6,6,6,0,1,,0.0,19.03333282,0.28571429800000003,,,,,1.0,35.57142857,0.571428571,25.57142857,0.0,4.0,3.857142857,1.571428571,7.142857143,1.0,0.14285714300000002,5.285714286,0.14285714300000002,0.571428571,0.0,0.0,0.0,0.0,0.0,0.0,0.0,0.0,7,4.0
8/17/1961,INTUnit5,9,1,0,9,7,9,5,4,0,0.75,0.10000000099999999,,0.200000003,0.25,52.0,41.707291600000005,32.05208329,2.299999952,32.6,4.2,21.1,0.1,4.1,1.9,1.2,5.9,2.1,0.7,2.9,0.0,0.2,0.0,0.0,0.0,0.0,0.0,0.0,0.0,0.0,10,-2.0
8/18/1961,INTUnit5,11,1,0,11,7,11,7,2,4,0.0,0.083333336,28.29166603,0.166666672,0.0,46.5,2.469444417,,2.0833332540000002,31.25,1.6666666669999999,22.41666667,0.41666666700000005,3.083333333,2.666666667,1.0,7.833333333,2.583333333,0.166666667,4.833333333,0.0,0.25,0.0,0.0,0.0,0.0,0.41666666700000005,0.083333333,0.0,0.5,12,-1.0
8/19/1961,INTUnit5,8,1,0,8,5,8,8,1,2,0.0,0.111111112,329.2166443,0.222222224,0.0,78.0,,,1.5555555819999998,33.77777778,0.0,26.22222222,0.333333333,3.777777778,3.4444444439999997,0.0,7.555555556,2.555555556,0.0,4.0,0.0,1.0,0.0,0.0,0.0,0.0,0.7777777779999999,0.0,0.0,0.7777777779999999,9,0.0
8/20/1961,INTUnit5,8,0,0,7,4,7,6,1,1,0.0,0.0,50.13333511,0.25,1.0,58.0,,,1.0,36.5,0.25,28.75,0.125,3.375,2.375,1.625,13.625,2.25,0.0,10.75,0.125,0.5,0.0,0.0,0.0,0.0,0.0,0.0,0.0,0.0,8,4.0
8/21/1961,INTUnit5,12,0,0,9,4,9,5,5,1,0.200000003,0.0,29.20000076,0.166666672,0.600000024,42.40000153,14.63055554,,5.5,32.25,1.6666666669999999,22.33333333,0.5,3.0,2.416666667,2.333333333,9.75,2.0,0.0,7.083333333,0.0,0.666666667,0.0,0.0,0.0,0.0,0.0,0.0,0.0,0.0,12,-5.0
8/22/1961,INTUnit5,11,0,0,9,4,9,7,1,4,0.0,0.0,39.40833282,0.181818187,0.0,59.0,,,0.8181818129999999,33.18181818,2.1818181819999998,21.81818182,0.363636364,3.6363636360000005,2.727272727,2.454545455,10.09090909,1.727272727,0.272727273,6.909090909,0.090909091,1.0909090909999999,0.0,0.0,0.0,0.0,0.0,0.0,0.0,0.0,11,2.0
8/23/1961,INTUnit5,9,1,0,8,7,8,7,2,1,4.0,0.200000003,37.06666565,0.200000003,1.0,62.0,20.44479158,7.659722167000001,1.7999999519999998,38.7,5.1,24.0,0.3,4.5,4.0,0.8,10.0,3.666666667,1.888888889,3.333333333,0.222222222,0.8888888890000001,0.0,0.0,0.0,0.0,0.0,0.0,0.0,0.0,10,-2.0
8/24/1961,INTUnit5,8,1,0,8,7,8,6,0,0,,0.222222224,,0.222222224,,,,,1.888888836,41.44444444,4.444444444,27.22222222,0.111111111,6.0,3.0,0.666666667,11.22222222,4.777777778,1.4444444440000002,3.777777778,0.111111111,1.111111111,0.0,0.0,0.0,0.0,0.222222222,1.0,0.0,1.222222222,9,0.0
8/25/1961,INTUnit5,8,1,0,8,7,8,6,0,1,,0.222222224,42.18333435,0.222222224,,,,,1.888888836,39.77777778,2.0,31.66666667,0.111111111,3.888888889,2.111111111,0.0,11.66666667,3.111111111,0.666666667,6.8888888889999995,0.0,1.0,0.0,0.0,0.0,0.0,0.111111111,0.5555555560000001,0.0,0.666666667,9,1.0
8/26/1961,INTUnit5,8,1,0,8,6,8,6,1,0,0.0,0.111111112,,0.222222224,0.0,52.0,,,1.0,41.55555556,3.666666667,28.55555556,0.111111111,4.8888888889999995,3.111111111,1.222222222,11.66666667,3.666666667,1.7777777780000001,5.1111111110000005,0.0,1.111111111,0.0,0.0,0.0,0.0,0.111111111,0.7777777779999999,0.0,0.8888888890000001,9,-1.0
8/27/1961,INTUnit5,8,1,0,8,6,8,6,0,1,,0.111111112,22.33333397,0.222222224,,,,,1.0,46.66666667,5.333333333,30.0,0.111111111,5.8888888889999995,4.0,1.333333333,10.33333333,4.555555556,1.222222222,3.0,0.5555555560000001,1.0,0.0,0.0,0.0,0.0,0.0,1.111111111,0.0,1.111111111,9,2.0
8/28/1961,INTUnit5,9,1,0,9,7,9,7,2,0,1.0,0.10000000099999999,,0.200000003,0.0,38.0,5.214583333,,2.200000048,38.7,3.2,25.0,0.2,6.0,2.5,1.8,10.8,4.1,1.4,3.9,0.4,1.0,0.0,0.0,0.0,0.0,0.0,0.7,0.0,0.7,10,2.0
8/29/1961,INTUnit5,13,1,0,11,8,11,9,4,3,0.0,0.071428575,366.43334960000004,0.21428571600000001,0.5,56.75,0.792361083,,2.5,37.57142857,1.928571429,26.78571429,0.35714285700000004,4.285714286,2.928571429,1.285714286,9.230769231,2.692307692,0.0,5.0,0.0,1.4615384619999998,0.076923077,0.0,0.0,0.0,0.0,0.615384615,0.0,0.615384615,14,-2.0
8/30/1961,INTUnit5,12,1,0,9,7,9,8,2,4,1.5,0.07692308,23.45833206,0.15384616,0.5,56.5,0.825,,2.384615421,35.46153846,2.692307692,25.07692308,0.076923077,4.0,2.230769231,1.384615385,9.230769231,1.846153846,0.7692307690000001,5.846153846,0.0,0.7692307690000001,0.0,0.0,0.0,0.0,0.0,0.23076923100000002,0.0,0.23076923100000002,13,0.0
8/31/1961,INTUnit5,9,2,0,7,6,7,9,2,3,0.0,0.09090909400000001,154.1888885,0.181818187,0.0,82.5,,,1.7272727490000002,36.18181818,0.727272727,28.18181818,0.090909091,3.6363636360000005,2.545454545,1.0,7.727272727000001,1.8181818180000002,0.0,5.0,0.090909091,0.818181818,0.0,0.0,0.0,0.0,0.0,0.363636364,0.0,0.363636364,11,-2.0
9/1/1961,INTUnit5,6,2,0,5,5,5,6,0,2,,0.125,186.3416595,0.25,,,,,1.125,36.125,0.25,26.875,0.0,4.25,4.5,0.25,10.625,3.375,0.0,5.375,0.0,1.875,0.0,0.0,0.125,0.0,1.0,1.0,0.0,2.125,8,0.0
9/2/1961,INTUnit5,5,1,0,4,4,4,5,0,1,,0.166666672,45.21666718,0.333333343,,,,,1.5,38.83333333,0.0,30.66666667,0.0,4.833333333,3.333333333,0.0,7.666666667,3.833333333,0.0,3.166666667,0.0,0.666666667,0.0,0.0,0.0,0.0,0.333333333,1.5,0.0,1.8333333330000001,6,5.0
9/3/1961,INTUnit5,9,1,0,8,4,8,5,4,4,0.5,0.10000000099999999,369.53750610000003,0.400000006,0.25,52.5,5.097916583,,1.600000024,34.6,3.1,24.7,0.4,3.8,2.2,0.4,5.9,2.0,0.3,3.4,0.1,0.1,0.0,0.0,0.0,0.0,0.0,0.3,0.0,0.3,10,-1.0
9/4/1961,INTUnit5,8,1,0,6,3,6,5,3,2,0.0,0.111111112,22.36666679,0.333333343,0.666666687,59.33333206,0.988194417,,2.6666667459999998,39.44444444,5.222222222,26.11111111,0.0,3.111111111,3.5555555560000003,1.4444444440000002,5.777777778,1.222222222,1.333333333,2.666666667,0.0,0.5555555560000001,0.0,0.0,0.0,0.0,0.0,0.222222222,0.0,0.222222222,9,3.0
9/5/1961,INTUnit5,12,1,0,7,4,7,7,6,2,1.3333333729999999,0.07692308,22.85000038,0.15384616,0.166666672,54.66666794,22.10624996,1.078472208,2.692307711,36.92307692,2.307692308,24.61538462,0.076923077,4.384615385,3.8461538460000004,1.692307692,7.615384615,2.461538462,0.0,4.615384615,0.076923077,0.46153846200000004,0.0,0.0,0.0,0.0,0.0,0.307692308,0.0,0.307692308,13,-2.0
9/6/1961,INTUnit5,14,1,0,9,6,9,7,4,6,1.5,0.13333334,81.33055878,0.13333334,0.75,58.25,3.7625,,2.599999905,32.26666667,1.8,23.0,0.333333333,3.266666667,3.2,0.666666667,6.1333333329999995,1.333333333,0.133333333,4.266666667,0.0,0.4,0.0,0.0,0.0,0.0,0.2,0.2,0.0,0.4,15,-3.0
9/7/1961,INTUnit5,9,1,0,6,4,6,4,1,2,0.0,0.200000003,25.52500153,0.10000000099999999,0.0,67.0,1.111805542,,2.700000048,34.1,6.5,20.8,0.2,3.9,2.0,0.7,8.222222222000001,2.111111111,0.8888888890000001,4.555555556,0.0,0.666666667,0.0,0.0,0.222222222,0.0,0.5555555560000001,0.666666667,0.0,1.4444444440000002,10,2.0
9/8/1961,INTUnit5,10,1,0,7,4,7,3,3,4,4.0,0.272727281,34.54999924,0.181818187,0.333333343,46.33333206,77.56249979,4.3368055,3.4545454980000003,34.72727273,1.727272727,25.36363636,0.272727273,4.3636363639999995,2.8181818180000002,0.181818182,12.5,2.0,0.4,9.4,0.1,0.6,0.0,0.0,0.0,0.0,1.3,0.3,0.0,1.6,11,0.0
9/9/1961,INTUnit5,9,1,0,8,4,8,5,4,2,0.75,0.300000012,47.41666412,0.200000003,0.75,60.5,7.598611062000001,6.8222221670000005,3.5,37.4,4.1,23.1,0.1,5.0,3.4,1.7,8.333333332999999,3.777777778,0.111111111,3.5555555560000003,0.0,0.8888888890000001,0.0,0.0,0.222222222,0.0,0.666666667,0.444444444,0.0,1.333333333,10,-2.0
9/10/1961,INTUnit5,9,1,0,8,4,8,6,2,1,0.0,0.10000000099999999,41.28333282,0.10000000099999999,1.0,48.0,,,1.899999976,38.2,4.1,22.9,0.6,5.1,3.1,2.4,8.5,4.6,0.6,2.6,0.2,0.5,0.0,0.0,0.2,0.0,1.1,1.3,0.0,2.6,10,0.0
9/11/1961,INTUnit5,10,1,0,9,5,9,6,2,3,0.0,0.09090909400000001,26.26111031,0.09090909400000001,0.5,69.0,6.948611082999999,,2.181818247,38.81818182,1.2727272729999999,27.09090909,0.0,5.6363636360000005,3.727272727,1.0909090909999999,12.45454545,5.272727273,0.0,5.909090909,0.090909091,1.181818182,0.0,0.0,0.272727273,0.090909091,0.818181818,0.727272727,0.0,1.9090909090000001,11,-1.0
9/12/1961,INTUnit5,7,1,1,5,4,5,5,1,2,0.0,0.111111112,37.59999847,0.111111112,0.0,30.0,,,1.666666627,40.0,2.444444444,26.88888889,0.111111111,6.333333333,3.111111111,1.111111111,9.111111111,4.555555556,0.0,3.888888889,0.0,0.666666667,0.0,0.0,0.0,0.0,0.8888888890000001,0.0,0.0,0.8888888890000001,9,0.0
9/13/1961,INTUnit5,6,1,1,5,5,5,5,1,1,0.0,0.125,14.11666679,0.25,0.0,65.0,,,1.375,33.25,3.125,20.875,0.5,4.75,3.0,1.0,6.875,3.125,0.125,2.75,0.0,0.875,0.0,0.0,0.125,0.0,1.0,1.0,0.0,2.125,8,1.0
9/14/1961,INTUnit5,7,1,1,6,6,6,4,2,1,0.0,0.111111112,25.66666603,0.222222224,0.0,64.0,,,1.7777777909999999,33.0,4.666666667,19.77777778,0.111111111,4.555555556,2.555555556,1.333333333,9.444444444,2.444444444,0.8888888890000001,5.1111111110000005,0.333333333,0.666666667,0.0,0.0,0.222222222,0.111111111,1.111111111,0.7777777779999999,0.0,2.222222222,9,-2.0
9/15/1961,INTUnit5,6,1,1,5,5,5,4,0,4,,0.125,89.59583282,0.25,,,,,2.0,34.375,3.0,24.625,0.0,4.75,2.0,0.0,10.625,3.375,1.125,5.375,0.0,0.75,0.0,0.0,0.125,0.0,0.625,1.25,0.0,2.0,8,0.0
9/16/1961,INTUnit5,2,1,1,2,2,2,1,0,0,,0.25,,0.5,,,,,2.0,39.0,3.75,28.25,0.0,4.75,2.0,0.25,3.333333333,3.0,0.0,0.0,0.0,0.333333333,0.0,0.0,0.0,0.0,0.0,1.6666666669999999,0.0,1.6666666669999999,4,3.0
9/17/1961,INTUnit5,5,1,1,3,2,3,2,3,0,0.0,0.14285714900000002,,0.28571429800000003,1.0,59.0,4.320138875,5.972222208,2.571428537,37.14285714,4.0,22.28571429,0.571428571,5.285714286,4.428571429,0.571428571,10.0,4.0,0.571428571,4.285714286,0.428571429,0.7142857140000001,0.0,0.0,0.428571429,0.28571428600000004,0.571428571,1.285714286,0.0,2.5714285709999998,7,1.0
9/18/1961,INTUnit5,8,2,1,6,3,6,2,3,3,0.666666687,0.09090909400000001,24.63333321,0.181818187,0.666666687,59.0,,,2.272727251,35.81818182,3.454545455,23.81818182,0.181818182,3.1818181819999998,3.8181818180000002,1.363636364,9.454545455,1.545454545,0.454545455,6.727272727000001,0.0,0.727272727,0.0,0.0,0.090909091,0.0,2.0,0.545454545,0.181818182,2.8181818180000002,11,-2.0
9/19/1961,INTUnit5,7,1,1,7,3,7,3,1,2,0.0,0.111111112,25.34166718,0.222222224,1.0,65.0,1.0743055000000001,,2.3333332540000002,33.77777778,3.111111111,22.33333333,0.0,4.333333333,3.111111111,0.8888888890000001,15.0,2.75,1.625,9.5,0.0,1.125,0.0,0.0,0.25,0.0,1.625,0.875,0.625,3.375,9,1.0
9/20/1961,INTUnit5,6,3,0,6,3,6,3,2,1,0.0,0.111111112,28.71666718,0.222222224,1.0,64.5,12.50902775,0.90625,2.3333332540000002,32.0,0.111111111,24.77777778,0.0,3.5555555560000003,3.4444444439999997,0.111111111,12.625,1.5,0.0,9.5,0.0,1.625,0.0,0.0,0.375,0.0,1.5,0.5,0.0,2.375,9,1.0
9/21/1961,INTUnit5,8,3,0,8,5,8,3,3,2,0.0,0.09090909400000001,77.8666687,0.181818187,0.666666687,60.33333206,4.131944417,,4.272727488999999,35.09090909,4.454545455,20.45454545,0.272727273,4.818181818,3.545454545,1.545454545,7.727272727000001,2.090909091,0.272727273,3.3636363639999995,0.363636364,1.636363636,0.0,0.0,0.363636364,0.090909091,1.181818182,1.0,0.090909091,2.727272727,11,-2.0
9/22/1961,INTUnit5,7,3,0,7,6,7,3,1,2,0.0,0.10000000099999999,23.39166641,0.200000003,1.0,52.0,1.6958333330000002,,4.8000001910000005,32.7,0.0,24.2,0.1,2.4,6.0,0.0,13.22222222,1.6666666669999999,0.0,8.777777777999999,0.0,2.777777778,0.0,0.0,1.111111111,0.0,3.333333333,0.222222222,0.0,4.666666667,10,0.0
9/23/1961,INTUnit5,6,3,0,6,6,6,2,1,3,0.0,0.111111112,147.9055634,0.222222224,1.0,83.0,,,2.5555555819999998,28.33333333,0.222222222,22.0,0.0,2.444444444,3.5555555560000003,0.111111111,8.888888889,2.555555556,0.0,5.444444444,0.0,0.8888888890000001,0.0,0.0,0.5555555560000001,0.0,1.222222222,0.5555555560000001,0.0,2.333333333,9,1.0
9/24/1961,INTUnit5,7,1,0,7,5,7,4,2,1,0.0,0.125,74.18333435,0.25,1.0,52.5,,,2.375,32.375,2.0,20.375,0.125,5.25,3.5,1.125,10.0,2.75,0.125,5.5,0.0,1.625,0.0,0.0,0.375,0.0,0.625,0.75,0.0,1.75,8,3.0
9/25/1961,INTUnit5,9,3,0,8,5,8,5,5,4,1.399999976,0.083333336,221.16249080000003,0.166666672,0.400000006,50.59999847,12.31284719,1.82152775,2.0,30.5,3.333333333,18.58333333,0.166666667,3.75,3.75,0.916666667,5.272727273,0.9090909090000001,1.0,2.727272727,0.0,0.636363636,0.0,0.0,0.090909091,0.0,0.636363636,0.363636364,0.090909091,1.181818182,12,1.0
9/26/1961,INTUnit5,12,2,0,7,5,7,3,6,3,0.0,0.14285714900000002,306.8111267,0.071428575,0.5,59.83333206,9.153472208,1.370138875,2.071428537,31.42857143,4.0,18.21428571,0.14285714300000002,4.285714286,2.642857143,2.142857143,7.642857143,2.214285714,0.7142857140000001,3.928571429,0.0,0.7857142859999999,0.0,0.0,0.35714285700000004,0.0,0.571428571,0.428571429,0.14285714300000002,1.5,14,-3.0
9/27/1961,INTUnit5,12,2,0,7,4,7,2,3,7,2.3333332540000002,0.071428575,27.68333244,0.071428575,0.333333343,56.66666794,77.98576373,11.84687494,2.571428537,30.35714286,4.1428571430000005,20.42857143,0.14285714300000002,2.142857143,2.214285714,1.285714286,7.928571429,0.35714285700000004,1.714285714,5.714285714,0.0,0.14285714300000002,0.0,0.0,0.071428571,0.0,0.28571428600000004,0.14285714300000002,0.5,1.0,14,1.0
9/28/1961,INTUnit5,10,1,0,7,4,7,4,4,4,0.25,0.0,28.47500038,0.181818187,0.0,59.25,1.25277775,,3.0,39.09090909,3.3636363639999995,26.45454545,0.272727273,3.0,3.727272727,2.272727273,10.9,1.7,0.7,7.7,0.1,0.7,0.0,0.0,0.0,0.1,0.6,0.3,0.0,1.0,11,-2.0
9/29/1961,INTUnit5,7,1,1,5,4,5,5,1,2,0.0,0.111111112,17.45833397,0.222222224,0.0,59.0,55.90277767,12.13819438,3.4444444180000002,41.22222222,2.666666667,31.44444444,0.111111111,3.222222222,3.666666667,0.111111111,11.55555556,1.5555555559999998,0.0,8.777777777999999,0.0,1.222222222,0.0,0.0,0.222222222,0.0,2.444444444,0.111111111,0.0,2.777777778,9,0.0
9/30/1961,INTUnit5,6,1,1,5,3,5,3,1,1,7.0,0.125,38.28333282,0.25,0.0,68.0,6.027083292,,3.375,37.75,1.875,27.75,0.125,3.625,4.375,0.0,10.375,2.25,0.5,5.875,0.0,1.75,0.0,0.0,0.25,0.0,0.25,0.375,0.25,1.125,8,1.0
10/1/1961,INTUnit5,7,1,1,6,3,6,3,2,1,0.0,0.111111112,60.51666641,0.222222224,1.0,68.0,,,3.4444444180000002,34.55555556,2.777777778,24.11111111,0.444444444,3.666666667,2.777777778,0.7777777779999999,7.222222222,2.222222222,0.333333333,3.666666667,0.0,1.0,0.0,0.0,0.444444444,0.0,0.5555555560000001,0.5555555560000001,0.222222222,1.7777777780000001,9,1.0
10/2/1961,INTUnit5,9,1,1,7,3,7,5,3,3,0.0,0.09090909400000001,31.53333282,0.181818187,0.333333343,67.33333588,0.512152771,,3.090909004,33.63636364,2.545454545,23.0,0.272727273,2.363636364,3.272727273,2.1818181819999998,7.181818182000001,0.818181818,0.0,5.6363636360000005,0.272727273,0.454545455,0.0,0.0,0.090909091,0.0,0.9090909090000001,0.454545455,0.0,1.454545455,11,2.0
10/3/1961,INTUnit5,11,2,0,7,4,7,5,5,4,1.7999999519999998,0.15384616,56.70416641,0.230769232,0.400000006,56.0,19.74166662,9.865972207999999,3.2307691569999997,35.15384615,3.384615385,21.53846154,0.307692308,3.692307692,5.307692308,0.923076923,9.923076923,1.4615384619999998,0.923076923,5.615384615,0.076923077,1.846153846,0.0,0.0,0.23076923100000002,0.0,0.846153846,0.384615385,0.0,1.4615384619999998,13,-3.0
10/4/1961,INTUnit5,10,1,0,6,3,6,4,2,3,0.0,0.181818187,24.5,0.181818187,0.5,75.0,1.7083333330000001,1.7083333330000001,5.636363506,32.90909091,3.6363636360000005,22.90909091,0.181818182,3.0909090910000003,2.727272727,0.363636364,12.45454545,1.545454545,0.727272727,8.818181818,0.0,1.363636364,0.0,0.0,0.181818182,0.0,1.2727272729999999,0.454545455,0.0,1.9090909090000001,11,2.0
10/5/1961,INTUnit5,11,1,0,8,3,8,4,3,4,0.0,0.083333336,105.07917020000001,0.166666672,0.333333343,43.0,12.79999992,1.3430555419999999,4.8333334919999995,33.0,2.75,22.08333333,0.166666667,3.5,3.666666667,0.833333333,7.916666667,1.5833333330000001,0.75,4.333333333,0.166666667,1.083333333,0.0,0.0,0.0,0.0,0.666666667,0.41666666700000005,0.25,1.333333333,12,0.0
10/6/1961,INTUnit5,10,1,0,8,3,8,4,3,4,1.666666627,0.09090909400000001,67.5083313,0.181818187,0.666666687,51.33333206,8.4993055,0.629861083,8.272727012999999,37.09090909,2.545454545,27.36363636,0.727272727,2.9090909089999997,2.454545455,1.0909090909999999,6.909090909,2.363636364,0.363636364,3.9090909089999997,0.0,0.272727273,0.0,0.0,0.090909091,0.0,0.363636364,0.090909091,0.090909091,0.636363636,11,-2.0
10/7/1961,INTUnit5,7,1,0,6,2,6,2,1,1,0.0,0.125,21.36666679,0.25,0.0,78.0,1.7083333330000001,1.7083333330000001,10.5,35.125,2.625,26.0,0.25,4.0,2.25,0.0,9.125,4.25,0.625,3.625,0.0,0.625,0.0,0.0,0.25,0.0,0.75,0.625,0.125,1.75,8,0.0
10/8/1961,INTUnit5,6,2,0,5,2,5,1,1,0,5.0,0.125,,0.25,0.0,33.0,227.002083,16.15833321,10.625,40.5,4.0,27.375,0.25,4.875,3.625,0.375,11.625,3.75,0.625,6.625,0.0,0.625,0.0,0.0,0.125,0.0,1.25,0.75,0.375,2.5,8,0.0
10/9/1961,INTUnit5,7,2,0,6,3,6,3,1,2,0.0,0.111111112,57.133331299999995,0.222222224,0.0,44.0,13.15694433,2.997916625,10.22222233,38.88888889,4.333333333,27.66666667,0.333333333,3.0,2.555555556,1.0,11.0,2.5,0.875,7.125,0.0,0.5,0.0,0.0,0.0,0.0,0.625,0.625,0.5,1.75,9,4.0
10/10/1961,INTUnit5,10,2,0,7,5,7,6,5,1,0.800000012,0.083333336,18.48333359,0.166666672,0.400000006,58.59999847,28.69722217,3.634722208,4.75,36.83333333,4.75,23.33333333,0.166666667,4.333333333,2.166666667,2.083333333,9.272727273,3.272727273,1.454545455,4.0,0.0,0.545454545,0.0,0.0,0.272727273,0.0,0.363636364,1.2727272729999999,0.454545455,2.363636364,12,-3.0
10/11/1961,INTUnit5,10,3,0,7,6,7,7,2,4,0.0,0.07692308,22.88333321,0.230769232,1.0,71.0,,,3.9230768680000003,32.23076923,2.384615385,21.69230769,0.23076923100000002,3.307692308,4.076923077,0.538461538,9.545454545,3.1818181819999998,1.0,3.8181818180000002,0.0,1.545454545,0.0,0.0,0.363636364,0.0,0.181818182,0.818181818,0.0,1.363636364,13,0.0
10/12/1961,INTUnit5,8,3,0,8,5,8,5,2,2,0.5,0.09090909400000001,17.20000076,0.181818187,1.0,54.0,,,4.545454502,33.81818182,1.545454545,23.81818182,0.272727273,4.272727273,3.545454545,0.363636364,11.3,3.5,0.0,6.4,0.1,1.3,0.0,0.0,0.2,0.0,0.9,0.5,0.0,1.6,11,-1.0
10/13/1961,INTUnit5,7,3,0,6,5,6,5,1,2,0.0,0.10000000099999999,98.40000153,0.200000003,0.0,78.0,1.7083333330000001,1.7083333330000001,8.600000381000001,30.5,1.0,24.0,0.0,2.4,3.1,0.0,8.777777777999999,1.111111111,0.0,6.444444444,0.0,1.222222222,0.0,0.0,0.444444444,0.0,1.7777777780000001,0.111111111,0.0,2.333333333,10,0.0
10/14/1961,INTUnit5,7,2,0,6,5,6,3,1,1,0.0,0.0,29.63333321,0.333333343,0.0,32.0,,,6.222222327999999,37.77777778,1.4444444440000002,27.77777778,0.222222222,4.777777778,3.5555555560000003,0.0,15.71428571,4.428571429,0.0,8.285714286000001,0.0,3.0,0.0,0.0,0.571428571,0.0,2.142857143,1.571428571,0.0,4.285714286,9,-1.0
10/15/1961,INTUnit5,6,2,0,6,5,6,5,0,1,,0.0,14.78333378,0.375,,,,,2.125,38.75,0.5,29.25,0.0,4.5,4.5,0.0,11.42857143,3.714285714,0.0,6.714285714,0.0,1.0,0.0,0.0,0.0,0.0,1.0,0.7142857140000001,0.0,1.714285714,8,1.0
10/16/1961,INTUnit5,6,2,0,5,5,5,4,1,1,0.0,0.0,6.966666697999999,0.375,1.0,69.0,,,2.25,37.625,0.5,27.625,0.125,5.125,3.625,0.625,12.71428571,4.1428571430000005,0.0,7.428571429,0.0,1.142857143,0.0,0.0,0.428571429,0.0,0.28571428600000004,2.0,0.0,2.714285714,8,1.0
10/17/1961,INTUnit5,7,2,0,6,5,6,4,2,1,0.5,0.0,297.0333252,0.333333343,0.0,65.0,0.267361083,,3.222222328,39.33333333,3.333333333,27.22222222,0.222222222,4.444444444,2.666666667,1.4444444440000002,10.25,2.875,0.0,6.25,0.125,1.0,0.0,0.0,0.0,0.0,1.25,1.0,0.0,2.25,9,-1.0
10/18/1961,INTUnit5,7,2,0,5,4,5,4,1,1,1.0,0.0,17.33333397,0.333333343,0.0,58.0,,,3.0,32.77777778,1.222222222,25.55555556,0.0,2.777777778,2.777777778,0.444444444,5.375,1.25,0.375,2.625,0.0,1.125,0.0,0.0,0.125,0.0,0.625,0.375,0.0,1.125,9,2.0
10/19/1961,INTUnit5,8,3,0,6,4,6,3,3,2,0.0,0.0,122.2833328,0.272727281,0.333333343,70.66666412,4.753124979,1.5666666669999998,3.818181753,31.0,1.0,21.36363636,0.363636364,2.545454545,3.6363636360000005,2.090909091,6.7,1.6,0.0,3.5,0.0,1.6,0.0,0.0,0.1,0.0,0.3,0.3,0.0,0.7,11,-3.0
10/20/1961,INTUnit5,7,2,0,5,4,5,2,1,3,0.0,0.0,144.16667180000002,0.444444448,0.0,68.0,0.267361083,,4.8888888360000005,43.0,1.7777777780000001,29.88888889,0.666666667,6.222222222,4.222222222,0.222222222,8.375,5.5,0.0,2.0,0.0,0.875,0.0,0.0,0.125,0.0,0.5,0.375,0.0,1.0,9,0.0
10/21/1961,INTUnit5,6,1,0,4,4,4,4,1,2,0.0,0.0,42.81666565,0.42857143299999995,1.0,68.0,13.82152771,2.624305542,5.7142858510000005,41.28571429,1.428571429,31.0,0.28571428600000004,4.714285714,2.4285714290000002,1.428571429,6.428571429,4.428571429,0.0,1.142857143,0.0,0.857142857,0.0,0.0,0.0,0.0,0.0,0.428571429,0.0,0.428571429,7,-1.0
10/22/1961,INTUnit5,4,1,0,3,3,3,3,0,1,,0.0,27.54999924,0.400000006,,,,,6.1999998089999995,50.2,2.8,37.8,0.2,5.6,3.8,0.0,6.25,4.75,0.0,0.5,0.0,1.0,0.0,0.0,0.0,0.0,0.0,0.5,0.0,0.5,5,2.0
10/23/1961,INTUnit5,5,1,0,5,4,5,2,2,0,0.0,0.0,,0.333333343,0.5,64.5,,,4.3333334919999995,33.16666667,3.166666667,23.33333333,0.333333333,3.833333333,2.0,0.5,2.833333333,1.5,0.0,0.666666667,0.0,0.666666667,0.0,0.0,0.0,0.0,0.0,0.0,0.0,0.0,6,0.0
10/24/1961,INTUnit5,7,1,0,7,6,7,4,2,2,3.0,0.0,23.25,0.25,0.5,62.0,34.22638871,5.436805457999999,5.25,31.625,2.625,21.75,0.375,3.625,2.125,1.125,4.875,2.0,0.0,2.375,0.125,0.375,0.0,0.0,0.0,0.125,0.125,0.125,0.0,0.375,8,0.0
10/25/1961,INTUnit5,7,1,0,6,5,6,3,2,2,0.0,0.0,148.8583374,0.25,0.5,60.0,0.10277775,,5.5,31.375,2.875,21.375,0.0,3.25,2.5,1.375,4.8571428569999995,1.142857143,0.0,3.428571429,0.0,0.28571428600000004,0.0,0.0,0.14285714300000002,0.0,0.0,0.28571428600000004,0.0,0.428571429,8,1.0
10/26/1961,INTUnit5,8,1,0,6,4,6,4,3,3,0.0,0.0,428.81668089999994,0.111111112,0.666666687,64.33333588,,,3.5555555819999998,30.55555556,0.8888888890000001,22.44444444,0.333333333,2.666666667,2.222222222,2.0,4.555555556,1.333333333,0.0,3.111111111,0.0,0.111111111,0.0,0.0,0.0,0.0,0.0,0.222222222,0.0,0.222222222,9,-1.0
10/27/1961,INTUnit5,7,0,1,5,3,5,2,2,3,0.5,0.0,30.10555458,0.0,0.0,16.0,,,3.625,31.375,0.375,24.75,0.25,2.5,3.5,0.0,4.0,1.0,0.0,2.375,0.0,0.625,0.0,0.0,0.125,0.0,0.0,0.125,0.0,0.25,8,-1.0
10/28/1961,INTUnit5,5,0,1,4,2,4,2,1,0,2.0,0.0,,0.0,0.0,65.0,,,4.6666665080000005,32.83333333,1.0,23.5,0.333333333,3.5,4.333333333,0.166666667,5.5,0.666666667,0.0,3.333333333,0.0,1.5,0.0,0.0,0.0,0.0,0.0,0.0,0.0,0.0,6,3.0
10/29/1961,INTUnit5,9,0,1,8,3,8,4,4,3,0.0,0.10000000099999999,131.5500031,0.0,0.5,65.5,47.72708329,,5.8000001910000005,31.3,3.5,21.0,0.6,2.5,2.2,1.5,4.0,1.0,0.0,2.555555556,0.222222222,0.111111111,0.111111111,0.0,0.0,0.111111111,0.0,0.222222222,0.0,0.333333333,10,-2.0
10/30/1961,INTUnit5,7,0,2,5,1,5,3,3,3,0.0,0.111111112,32.1277771,0.0,0.333333343,62.66666794,,,5.3333334919999995,33.11111111,2.555555556,22.77777778,0.5555555560000001,2.222222222,3.111111111,1.888888889,5.222222222,0.7777777779999999,0.111111111,3.5555555560000003,0.0,0.7777777779999999,0.0,0.0,0.0,0.0,0.0,0.111111111,0.0,0.111111111,9,2.0
10/31/1961,INTUnit5,9,0,2,2,1,2,3,4,1,0.0,0.09090909400000001,52.86666489,0.0,1.0,67.25,,,4.090909003999999,28.63636364,2.8181818180000002,21.81818182,0.272727273,2.090909091,1.545454545,0.090909091,5.090909091,0.818181818,0.272727273,3.545454545,0.0,0.454545455,0.0,0.0,0.090909091,0.0,0.363636364,0.181818182,0.090909091,0.727272727,11,0.0
11/1/1961,INTUnit5,12,0,2,5,1,5,6,4,5,1.5,0.071428575,40.55333328,0.0,0.0,60.75,6.226388875,,3.571428537,32.42857143,2.857142857,22.5,0.428571429,2.0,2.5,2.142857143,4.538461538,0.846153846,0.923076923,2.0,0.0,0.7692307690000001,0.0,0.0,0.0,0.0,0.153846154,0.076923077,0.0,0.23076923100000002,14,-2.0
11/2/1961,INTUnit5,10,0,1,5,2,5,5,2,4,1.5,0.0,32.71250153,0.0,0.5,39.5,15.82291658,,2.0,35.63636364,5.181818182,23.81818182,0.363636364,2.454545455,3.0909090910000003,0.727272727,7.1,2.1,1.0,3.2,0.0,0.8,0.0,0.0,0.0,0.0,0.0,0.3,0.0,0.3,11,-1.0
11/3/1961,INTUnit5,7,0,1,5,2,5,4,1,2,0.0,0.0,317.2333374,0.0,0.0,63.0,,,2.25,36.625,2.375,27.875,0.5,2.5,2.125,1.25,5.0,2.142857143,0.857142857,1.714285714,0.0,0.28571428600000004,0.0,0.0,0.0,0.0,0.0,0.28571428600000004,0.0,0.28571428600000004,8,1.0
11/4/1961,INTUnit5,8,0,0,6,4,6,4,2,1,0.0,0.0,108.61666869999999,0.0,0.0,23.5,,,0.5,32.75,2.375,24.5,0.25,2.375,3.25,0.0,3.166666667,1.0,0.0,1.333333333,0.0,0.833333333,0.0,0.0,0.0,0.0,0.0,0.0,0.0,0.0,8,3.0
11/5/1961,INTUnit5,12,0,0,9,4,9,4,5,4,0.200000003,0.083333336,43.34999847,0.0,0.400000006,56.79999924,1.115624958,,3.083333254,27.58333333,3.083333333,20.0,0.25,1.8333333330000001,1.25,1.166666667,3.2,0.6,0.4,2.0,0.0,0.2,0.0,0.0,0.0,0.0,0.0,0.0,0.0,0.0,12,1.0
11/6/1961,INTUnit5,14,0,0,11,3,11,3,6,3,0.166666672,0.071428575,22.83333397,0.0,0.833333313,59.16666794,9.161805542,2.05,3.5,29.57142857,4.214285714,19.14285714,0.571428571,1.857142857,2.928571429,0.857142857,5.230769231,0.923076923,0.538461538,3.0,0.0,0.7692307690000001,0.0,0.0,0.0,0.0,0.0,0.0,0.0,0.0,14,1.0
11/7/1961,INTUnit5,18,0,0,15,5,15,4,7,8,0.0,0.055555556,38.75624847,0.0,0.571428597,67.7142868,2.142013854,1.029166667,2.9444444180000002,28.83333333,4.0,18.44444444,0.27777777800000003,1.388888889,2.722222222,2.0,5.714285714,1.0,1.142857143,3.071428571,0.0,0.5,0.0,0.0,0.0,0.0,0.0,0.0,0.0,0.0,18,-2.0
11/8/1961,INTUnit5,15,0,0,12,6,12,7,5,6,0.0,0.06666667,60.9944458,0.0,0.200000003,57.0,14.62060178,1.0979166459999998,4.533333302,30.93333333,2.4666666669999997,21.53333333,0.533333333,1.533333333,2.8,2.066666667,7.75,1.083333333,0.916666667,5.0,0.083333333,0.666666667,0.0,0.0,0.0,0.0,0.0,0.0,0.0,0.0,15,-2.0
11/9/1961,INTUnit5,12,0,0,8,5,8,7,3,4,1.3333333729999999,0.0,33.45416641,0.0,0.0,37.33333206,,,4.5833334919999995,30.5,1.8333333330000001,22.91666667,0.333333333,2.25,3.083333333,0.083333333,5.181818182,0.363636364,0.181818182,3.727272727,0.0,0.9090909090000001,0.0,0.0,0.0,0.0,0.0,0.0,0.0,0.0,12,-4.0
11/10/1961,INTUnit5,7,0,0,5,2,5,4,0,2,,0.0,38.39166641,0.0,,,,,4.0,26.71428571,2.0,19.14285714,0.428571429,1.714285714,2.857142857,0.571428571,7.0,0.0,1.0,5.75,0.0,0.25,0.0,0.0,0.0,0.0,0.0,0.0,0.0,0.0,7,1.0
11/11/1961,INTUnit5,6,0,0,5,2,5,3,1,3,0.0,0.0,69.33889008,0.0,1.0,44.0,,,2.3333332540000002,19.0,1.8333333330000001,14.66666667,0.666666667,1.0,0.5,0.333333333,2.0,0.333333333,0.0,1.6666666669999999,0.0,0.0,0.0,0.0,0.0,0.0,0.0,0.0,0.0,0.0,6,3.0
11/12/1961,INTUnit5,6,1,0,6,2,6,1,4,0,0.0,0.0,,0.0,0.0,72.5,10.28263883,,2.428571463,22.71428571,3.285714286,14.85714286,0.857142857,1.285714286,1.142857143,1.285714286,2.0,0.2,0.0,1.4,0.0,0.4,0.0,0.0,0.0,0.0,0.0,0.0,0.0,0.0,7,1.0
11/13/1961,INTUnit5,11,1,0,9,3,9,2,4,4,0.0,0.0,47.86249924,0.083333336,0.25,60.5,0.85,,5.1666665080000005,22.33333333,0.916666667,16.33333333,0.333333333,1.5833333330000001,1.8333333330000001,1.333333333,3.7,0.2,0.0,3.4,0.0,0.1,0.0,0.0,0.0,0.0,0.4,0.0,0.0,0.4,12,0.0
11/14/1961,INTUnit5,11,1,0,8,2,8,4,4,4,0.5,0.0,32.13750076,0.083333336,0.5,59.0,8.836805499999999,1.81527775,9.0,28.91666667,1.75,20.91666667,0.75,2.0,3.083333333,0.41666666700000005,5.444444444,0.7777777779999999,0.0,3.888888889,0.0,0.7777777779999999,0.0,0.0,0.0,0.0,0.333333333,0.0,0.0,0.333333333,12,0.0
11/15/1961,INTUnit5,11,1,0,7,2,7,3,4,4,0.0,0.0,43.32500076,0.166666672,1.0,65.5,,,8.5,30.33333333,2.25,22.41666667,1.0,1.166666667,2.833333333,0.666666667,6.3636363639999995,0.363636364,0.0,5.0,0.0,1.0,0.0,0.0,0.090909091,0.0,1.0,0.0,0.0,1.0909090909999999,12,0.0
11/16/1961,INTUnit5,12,0,0,7,4,7,6,3,5,0.0,0.0,34.68333435,0.083333336,0.333333343,67.66666412,,,8.333333015,29.16666667,3.0,19.91666667,0.333333333,1.6666666669999999,3.5,0.75,7.454545455,0.454545455,0.090909091,6.272727272999999,0.0,0.636363636,0.0,0.0,0.0,0.0,0.0,0.0,0.0,0.0,12,0.0
11/17/1961,INTUnit5,10,0,0,8,6,8,7,3,5,0.0,0.0,95.25,0.0,0.0,58.66666794,1.322222167,,3.0,25.6,2.1,19.3,0.2,0.5,3.5,0.0,6.714285714,0.0,0.0,5.428571429,0.0,1.285714286,0.0,0.0,0.0,0.0,0.0,0.0,0.0,0.0,10,-2.0
11/18/1961,INTUnit5,6,0,0,6,3,6,5,1,2,2.0,0.0,59.09166718,0.0,1.0,74.0,,,3.5,32.0,1.166666667,24.0,0.166666667,3.0,3.166666667,0.5,5.2,0.8,0.0,3.2,0.0,1.2,0.0,0.0,0.0,0.0,0.0,0.0,0.0,0.0,6,5.0
11/19/1961,INTUnit5,10,0,0,7,2,7,4,5,2,0.600000024,0.0,13.58333302,0.0,0.200000003,65.19999695,0.576388875,0.576388875,5.0,28.2,2.7,18.5,0.2,2.3,3.3,1.2,3.5,0.875,0.0,1.625,0.0,1.0,0.0,0.0,0.0,0.0,0.0,0.0,0.0,0.0,10,-1.0
11/20/1961,INTUnit5,12,0,0,7,3,7,4,4,5,1.0,0.0,36.17666626,0.0,0.5,45.25,3.876388875,,4.5833334919999995,27.91666667,1.5833333330000001,20.91666667,0.333333333,2.083333333,2.083333333,0.916666667,7.1111111110000005,0.5555555560000001,0.0,5.666666667,0.0,0.7777777779999999,0.111111111,0.0,0.0,0.0,0.0,0.0,0.0,0.0,12,1.0
11/21/1961,INTUnit5,12,0,0,8,5,8,4,5,4,0.200000003,0.0,46.02083588,0.0,0.400000006,68.59999847,9.827083292000001,1.114583333,3.916666746,32.5,2.916666667,22.5,0.41666666700000005,2.333333333,3.666666667,0.666666667,5.090909091,1.2727272729999999,0.0,3.1818181819999998,0.0,0.636363636,0.0,0.0,0.0,0.0,0.0,0.0,0.0,0.0,12,-1.0
11/22/1961,INTUnit5,12,0,0,8,3,8,4,4,5,0.0,0.0,27.35000038,0.083333336,0.75,76.25,0.35069441700000004,,4.6666665080000005,28.75,1.8333333330000001,17.83333333,0.583333333,2.25,3.083333333,3.166666667,3.0,0.6,0.4,1.5,0.0,0.4,0.1,0.0,0.0,0.0,0.0,0.0,0.0,0.0,12,0.0
11/23/1961,INTUnit5,11,0,0,7,4,7,4,4,3,1.0,0.09090909400000001,18.71666718,0.09090909400000001,0.5,53.0,15.52708329,11.72083329,1.181818128,33.18181818,5.454545455,20.63636364,0.454545455,2.1818181819999998,3.545454545,0.9090909090000001,3.8181818180000002,1.0909090909999999,1.0909090909999999,1.0909090909999999,0.0,0.545454545,0.0,0.0,0.0,0.0,0.0,0.0,0.0,0.0,11,-3.0
11/24/1961,INTUnit5,8,1,0,6,4,6,1,1,4,0.0,0.111111112,84.38749695,0.0,1.0,74.0,,,0.222222224,31.0,1.6666666669999999,23.22222222,0.444444444,2.555555556,1.4444444440000002,1.6666666669999999,3.375,1.0,0.0,2.125,0.0,0.25,0.0,0.0,0.0,0.0,0.0,0.0,0.0,0.0,9,0.0
11/25/1961,INTUnit5,5,1,0,3,1,3,2,1,1,0.0,0.0,50.09999847,0.0,0.0,75.0,7.9,2.897916667,1.1666666270000001,33.5,5.166666667,24.66666667,0.0,2.5,1.166666667,0.0,4.166666667,0.833333333,0.833333333,2.0,0.0,0.5,0.0,0.0,0.333333333,0.0,1.0,0.0,0.333333333,1.6666666669999999,6,1.0
11/26/1961,INTUnit5,6,1,0,5,2,5,3,2,1,0.0,0.0,18.78333282,0.0,1.0,58.0,,,1.5714285369999998,36.57142857,3.714285714,23.14285714,0.571428571,2.857142857,3.428571429,2.857142857,3.714285714,1.285714286,0.0,1.857142857,0.14285714300000002,0.428571429,0.0,0.0,0.14285714300000002,0.0,0.0,0.14285714300000002,0.0,0.28571428600000004,7,-1.0
11/27/1961,INTUnit5,6,1,0,6,3,6,6,1,4,0.0,0.0,81.97083282,0.0,0.0,67.0,5.8868055,1.042361083,1.0,36.42857143,2.285714286,25.57142857,0.428571429,4.428571429,3.285714286,0.428571429,4.8571428569999995,1.571428571,0.0,3.0,0.0,0.28571428600000004,0.0,0.0,0.0,0.0,0.0,0.28571428600000004,0.0,0.28571428600000004,7,3.0
11/28/1961,INTUnit5,6,1,0,5,3,5,4,4,1,0.75,0.0,31.83333397,0.0,0.75,60.5,7.247222207999999,,2.428571463,34.0,3.714285714,22.85714286,0.14285714300000002,2.857142857,3.0,1.428571429,6.714285714,1.428571429,1.142857143,3.571428571,0.0,0.571428571,0.0,0.0,0.14285714300000002,0.0,0.0,0.428571429,0.0,0.571428571,7,-2.0
11/29/1961,INTUnit5,7,1,0,4,2,4,5,2,3,0.0,0.0,30.1222229,0.0,0.0,71.0,,,2.25,29.625,3.875,15.375,0.25,2.625,3.375,4.125,4.666666667,1.0,1.333333333,1.6666666669999999,0.0,0.666666667,0.0,0.0,0.0,0.0,0.166666667,0.333333333,0.0,0.5,8,2.0
11/30/1961,INTUnit5,8,1,0,5,2,5,5,4,1,0.0,0.0,28.63333321,0.111111112,0.25,70.5,42.85937498,30.08263888,4.222222328,31.0,2.555555556,20.66666667,0.444444444,3.4444444439999997,1.7777777780000001,2.111111111,4.1111111110000005,0.8888888890000001,0.0,2.888888889,0.111111111,0.222222222,0.0,0.0,0.111111111,0.0,0.8888888890000001,0.111111111,0.0,1.111111111,9,-4.0
12/1/1961,INTUnit5,7,0,1,5,2,5,4,0,4,,0.0,106.0291672,0.125,,,,,4.625,32.625,0.5,24.5,0.625,3.625,3.375,0.0,6.75,2.0,0.0,3.875,0.0,0.875,0.0,0.0,0.25,0.0,0.875,0.0,0.0,1.125,8,0.0
12/2/1961,INTUnit5,4,0,0,3,2,3,2,0,1,,0.0,47.01666641,0.25,,,,,7.25,38.25,0.25,31.5,0.0,3.0,3.5,0.0,4.0,0.75,0.0,2.5,0.0,0.75,0.0,0.0,0.0,0.0,0.0,0.0,0.0,0.0,4,4.0
12/3/1961,INTUnit5,5,2,0,3,2,3,5,4,1,0.25,0.0,9.433333397,0.14285714900000002,0.25,64.5,14.5916666,4.52152775,6.142857075,34.71428571,2.5714285709999998,22.28571429,0.0,3.285714286,2.5714285709999998,4.0,3.5,0.666666667,0.5,1.8333333330000001,0.166666667,0.333333333,0.0,0.0,0.0,0.0,0.0,0.0,0.0,0.0,7,-1.0
12/4/1961,INTUnit5,8,1,0,6,4,6,6,3,2,0.0,0.111111112,18.60833359,0.222222224,0.0,49.0,19.62013881,7.851388854,4.0,37.88888889,4.666666667,24.55555556,0.333333333,3.666666667,3.111111111,1.5555555559999998,7.125,1.375,1.375,4.0,0.0,0.375,0.0,0.0,0.0,0.0,0.0,0.25,0.0,0.25,9,1.0
12/5/1961,INTUnit5,10,1,0,7,5,7,6,4,1,0.0,0.09090909400000001,20.21666718,0.181818187,0.5,73.5,,,3.181818247,31.09090909,2.1818181819999998,22.54545455,0.090909091,2.9090909089999997,2.1818181819999998,1.181818182,5.727272727000001,0.727272727,0.0,4.272727273,0.0,0.727272727,0.0,0.0,0.272727273,0.0,0.727272727,0.0,0.0,1.0,11,0.0
12/6/1961,INTUnit5,13,1,0,10,7,10,10,4,6,2.25,0.0,35.6222229,0.14285714900000002,0.5,57.5,28.50231467,6.124999944,4.428571224,30.35714286,0.214285714,23.35714286,0.35714285700000004,3.285714286,2.357142857,0.7857142859999999,7.142857143,0.571428571,0.0,5.785714286,0.214285714,0.571428571,0.0,0.0,0.071428571,0.071428571,0.571428571,0.0,0.0,0.7142857140000001,14,-2.0
12/7/1961,INTUnit5,10,0,0,8,6,8,6,2,3,0.0,0.0,71.26111603,0.200000003,1.0,51.0,,,5.1999998089999995,35.0,1.6,24.1,0.2,4.9,3.1,1.1,10.0,3.0,0.1,5.8,0.2,0.9,0.0,0.0,0.0,0.0,0.0,0.0,0.0,0.0,10,-2.0
12/8/1961,INTUnit5,7,0,0,5,4,5,5,1,0,0.0,0.0,,0.14285714900000002,1.0,76.0,,,6.142857075,32.28571429,1.285714286,23.14285714,0.14285714300000002,5.0,2.5714285709999998,0.14285714300000002,10.71428571,2.5714285709999998,0.571428571,6.142857143,0.0,1.428571429,0.0,0.0,0.0,0.0,0.0,0.0,0.0,0.0,7,-2.0
12/9/1961,INTUnit5,6,0,0,4,3,4,4,0,2,,0.0,36.68333435,0.166666672,,,,,6.166666508,39.16666667,2.0,26.66666667,0.333333333,5.666666667,4.5,0.0,11.5,4.666666667,0.666666667,5.0,0.0,1.166666667,0.0,0.0,0.0,0.0,0.0,0.0,0.0,0.0,6,2.0
12/10/1961,INTUnit5,6,0,0,6,4,6,4,2,1,2.5,0.0,81.66666412,0.166666672,0.5,73.0,6.1347222079999995,,6.833333492,38.83333333,1.333333333,26.16666667,0.333333333,5.166666667,4.0,1.8333333330000001,4.833333333,2.166666667,0.0,2.166666667,0.0,0.5,0.0,0.0,0.0,0.0,0.0,0.0,0.0,0.0,6,2.0
12/11/1961,INTUnit5,9,0,0,6,4,6,4,4,2,0.0,0.0,20.26666641,0.111111112,0.5,73.0,5.621527625,,7.666666508,27.88888889,1.4444444440000002,18.11111111,0.444444444,3.0,2.444444444,2.444444444,4.1111111110000005,1.6666666669999999,0.0,2.222222222,0.0,0.222222222,0.0,0.0,0.0,0.0,0.0,0.0,0.0,0.0,9,-1.0
12/12/1961,INTUnit5,10,0,0,6,3,6,5,3,2,0.0,0.0,21.69166565,0.10000000099999999,0.0,42.0,,,6.400000095,36.7,3.2,24.6,0.5,3.4,3.2,1.8,7.9,2.1,0.0,4.5,0.1,1.2,0.0,0.0,0.0,0.0,0.0,0.0,0.0,0.0,10,-2.0
12/13/1961,INTUnit5,9,0,0,6,3,6,6,1,2,0.0,0.0,22.69166565,0.111111112,1.0,83.0,,,4.0,44.33333333,4.8888888889999995,28.55555556,0.111111111,4.777777778,4.222222222,1.7777777780000001,12.66666667,1.4444444440000002,1.6666666669999999,8.777777777999999,0.0,0.7777777779999999,0.0,0.0,0.0,0.0,0.0,0.0,0.0,0.0,9,1.0
12/14/1961,INTUnit5,9,0,0,5,3,5,5,2,2,2.5,0.0,46.46666718,0.111111112,0.0,57.5,,,4.0,34.55555556,2.0,24.88888889,0.222222222,4.777777778,2.111111111,0.5555555560000001,8.125,2.25,0.0,5.5,0.0,0.375,0.0,0.0,0.0,0.0,0.0,0.0,0.0,0.0,9,-2.0
12/15/1961,INTUnit5,7,0,0,4,3,4,4,0,3,,0.0,113.90000149999999,0.14285714900000002,,,,,5.142857075,29.85714286,0.0,23.85714286,0.428571429,3.142857143,2.4285714290000002,0.0,6.666666667,0.666666667,0.0,5.0,0.0,1.0,0.0,0.0,0.0,0.0,0.0,0.0,0.0,0.0,7,1.0
12/16/1961,INTUnit5,5,0,0,3,2,3,3,1,1,0.0,0.0,39.98333359,0.0,0.0,79.0,4.94652775,,4.599999905,46.8,0.2,36.8,0.6,5.6,3.2,0.4,7.4,1.2,0.0,5.8,0.0,0.4,0.0,0.0,0.0,0.0,0.0,0.0,0.0,0.0,5,1.0
12/17/1961,INTUnit5,6,0,0,5,3,5,5,2,0,0.0,0.166666672,,0.0,0.5,57.0,21.26076383,7.470138875,5.3333334919999995,49.33333333,6.666666667,32.5,0.5,6.166666667,1.6666666669999999,1.8333333330000001,7.4,3.4,0.0,3.4,0.2,0.4,0.0,0.0,0.0,0.0,0.0,0.0,0.0,0.0,6,-1.0
12/18/1961,INTUnit5,7,0,0,5,3,5,5,1,0,0.0,0.14285714900000002,,0.0,0.0,75.0,,,4.857142925,39.85714286,4.714285714,26.42857143,0.14285714300000002,4.571428571,3.285714286,0.7142857140000001,8.857142857000001,2.714285714,0.571428571,4.571428571,0.0,1.0,0.0,0.0,0.0,0.0,0.0,0.0,0.0,0.0,7,1.0
12/19/1961,INTUnit5,9,0,0,7,4,7,5,2,1,0.0,0.111111112,55.98333359,0.0,0.0,47.0,,,3.8888888360000005,37.33333333,2.777777778,27.33333333,0.111111111,3.5555555560000003,1.888888889,1.6666666669999999,7.666666667,1.5555555559999998,0.333333333,5.0,0.111111111,0.666666667,0.0,0.0,0.0,0.0,0.0,0.0,0.0,0.0,9,-1.0
12/20/1961,INTUnit5,9,0,0,7,4,7,4,1,3,0.0,0.0,92.76667023,0.0,1.0,80.0,,,4.1111111639999995,33.22222222,3.666666667,22.11111111,0.444444444,3.4444444439999997,2.666666667,0.8888888890000001,6.25,1.125,0.875,3.0,0.125,1.125,0.0,0.0,0.0,0.0,0.0,0.0,0.0,0.0,9,4.0
12/21/1961,INTUnit5,11,0,0,9,5,9,5,5,3,0.400000006,0.0,60.08333588,0.0,0.800000012,62.79999924,9.876041625,1.02777775,3.636363745,35.36363636,2.454545455,25.45454545,0.272727273,2.363636364,2.9090909089999997,1.9090909090000001,4.9,0.7,0.0,3.5,0.1,0.6,0.0,0.0,0.0,0.0,0.0,0.0,0.0,0.0,11,-3.0
12/22/1961,INTUnit5,10,0,0,7,5,7,5,2,3,0.0,0.0,17.51111221,0.0,0.5,51.0,,,3.200000048,37.6,2.1,28.5,0.2,3.5,3.2,0.1,7.222222222,1.4444444440000002,0.222222222,5.1111111110000005,0.0,0.444444444,0.0,0.0,0.0,0.0,0.0,0.0,0.0,0.0,10,-1.0
12/23/1961,INTUnit5,8,0,0,6,5,6,4,1,1,0.0,0.0,49.31666565,0.0,1.0,62.0,,,3.375,35.75,0.875,26.625,0.0,5.375,2.75,0.125,11.85714286,5.1428571430000005,0.0,5.857142857,0.0,0.857142857,0.0,0.0,0.0,0.0,0.0,0.0,0.0,0.0,8,2.0
12/24/1961,INTUnit5,10,0,0,9,5,9,5,3,3,0.0,0.0,152.1166687,0.10000000099999999,0.0,62.33333206,0.779166667,0.779166667,2.700000048,35.2,2.7,22.9,0.2,3.5,4.3,1.6,9.666666667000001,2.0,0.0,6.444444444,0.0,1.222222222,0.0,0.0,0.0,0.0,0.0,0.0,0.0,0.0,10,0.0
12/25/1961,INTUnit5,10,0,0,10,6,10,4,4,4,0.25,0.0,84.90416718,0.10000000099999999,0.5,48.5,,,2.099999905,36.4,2.5,25.7,0.3,2.8,3.4,1.7,4.6,0.9,0.3,3.0,0.0,0.4,0.0,0.0,0.0,0.0,0.0,0.0,0.0,0.0,10,-2.0
12/26/1961,INTUnit5,8,0,0,8,4,8,2,1,2,0.0,0.125,30.34166718,0.0,1.0,72.0,30.17638883,,3.625,38.0,1.875,28.5,0.125,2.375,2.5,2.625,6.25,1.375,0.625,3.625,0.0,0.625,0.0,0.0,0.0,0.0,0.0,0.0,0.0,0.0,8,5.0
12/27/1961,INTUnit5,12,0,0,7,3,7,2,6,4,0.666666687,0.083333336,29.38750076,0.0,0.5,62.83333206,,,2.75,29.5,1.0,21.41666667,0.083333333,2.333333333,2.0,2.666666667,5.0,1.363636364,0.0,3.272727273,0.0,0.363636364,0.0,0.0,0.0,0.0,0.0,0.0,0.0,0.0,12,-4.0
12/28/1961,INTUnit5,10,0,0,4,3,4,1,2,3,1.0,0.0,20.97222137,0.10000000099999999,0.5,59.5,2.676388875,,2.0,29.8,3.6,19.8,0.0,2.0,2.5,1.9,4.75,0.625,0.375,3.375,0.0,0.375,0.0,0.0,0.0,0.0,0.0,0.0,0.0,0.0,10,-2.0
12/29/1961,INTUnit5,7,0,0,6,3,6,1,0,1,,0.0,21.48333359,0.14285714900000002,,,,,2.428571463,32.57142857,1.285714286,27.14285714,0.0,1.714285714,2.4285714290000002,0.0,7.857142857,1.142857143,0.14285714300000002,6.428571429,0.0,0.14285714300000002,0.0,0.0,0.0,0.0,0.0,0.0,0.0,0.0,7,3.0
12/30/1961,INTUnit5,9,0,0,8,5,8,2,3,0,0.666666687,0.0,,0.333333343,0.333333343,46.0,,,1.888888836,30.33333333,2.444444444,23.55555556,0.111111111,2.0,2.222222222,0.0,8.125,0.75,0.5,6.25,0.0,0.625,0.0,0.0,0.0,0.0,0.0,0.0,0.0,0.0,9,0.0
12/31/1961,INTUnit5,12,0,0,10,6,10,5,3,4,0.666666687,0.0,84.40000153,0.25,0.333333343,41.33333206,16.855555499999998,1.02777775,2.5,28.91666667,3.333333333,17.58333333,0.0,2.083333333,3.25,2.666666667,7.7,0.4,1.0,5.5,0.0,0.8,0.0,0.0,0.0,0.0,0.0,0.0,0.0,0.0,12,0.0
1/1/1962,INTUnit5,11,0,0,7,4,7,5,3,3,0.0,0.09090909400000001,32.21666718,0.181818187,0.666666687,67.33333588,7.40902775,2.644444417,2.4545454980000003,32.27272727,1.454545455,25.45454545,0.181818182,2.363636364,2.090909091,0.727272727,7.8,0.6,0.0,6.6,0.0,0.6,0.0,0.0,0.0,0.0,0.0,0.0,0.0,0.0,11,-1.0
1/2/1962,INTUnit5,10,0,0,6,3,6,3,2,2,0.0,0.10000000099999999,43.73333359,0.10000000099999999,0.0,47.5,,,2.099999905,32.0,1.9,23.0,0.6,3.1,2.8,0.6,6.555555556,1.4444444440000002,0.222222222,4.1111111110000005,0.0,0.7777777779999999,0.0,0.0,0.0,0.0,0.0,0.0,0.0,0.0,10,-1.0
1/3/1962,INTUnit5,8,1,0,5,3,5,4,1,2,4.0,0.222222224,17.48333359,0.222222224,0.0,45.0,30.87777771,,2.5555555819999998,33.66666667,2.777777778,25.55555556,0.333333333,2.333333333,2.666666667,0.0,9.5,1.875,0.875,5.75,0.0,1.0,0.0,0.0,0.0,0.0,0.0,0.0,0.0,0.0,9,-1.0
1/4/1962,INTUnit5,7,0,0,6,2,6,4,1,2,5.0,0.14285714900000002,60.92500305,0.0,0.0,52.0,9.793055542000001,,3.142857075,38.57142857,1.428571429,27.42857143,0.428571429,3.428571429,2.4285714290000002,3.428571429,8.666666667000001,2.166666667,0.666666667,5.166666667,0.166666667,0.5,0.0,0.0,0.0,0.0,0.0,0.0,0.0,0.0,7,-1.0
1/5/1962,INTUnit5,5,0,0,5,3,5,4,0,0,,0.200000003,,0.0,,,,,4.1999998089999995,41.0,0.8,32.0,0.2,3.8,2.8,1.4,3.0,2.0,0.0,0.75,0.0,0.25,0.0,0.0,0.0,0.0,0.0,0.0,0.0,0.0,5,1.0
1/6/1962,INTUnit5,6,0,0,5,4,5,4,1,1,0.0,0.166666672,146.0500031,0.0,0.0,22.0,,,3.5,33.83333333,1.5,25.16666667,0.166666667,3.0,2.666666667,1.333333333,4.0,1.75,0.0,2.25,0.0,0.0,0.0,0.0,0.0,0.0,0.0,0.0,0.0,0.0,6,1.0
1/7/1962,INTUnit5,7,0,0,6,3,6,4,2,0,0.0,0.14285714900000002,,0.0,0.5,52.5,,,2.571428537,42.42857143,0.7142857140000001,32.71428571,0.28571428600000004,4.8571428569999995,2.5714285709999998,1.285714286,8.571428571,2.4285714290000002,0.0,5.714285714,0.0,0.28571428600000004,0.14285714300000002,0.0,0.0,0.0,0.0,0.0,0.0,0.0,7,2.0
1/8/1962,INTUnit5,11,0,0,11,5,11,6,4,2,0.0,0.09090909400000001,62.55833435,0.0,0.5,72.25,5.38090275,1.001388875,2.818181753,35.90909091,3.6363636360000005,25.27272727,0.090909091,3.727272727,2.454545455,0.727272727,8.636363636,3.8181818180000002,0.0,4.3636363639999995,0.0,0.454545455,0.0,0.0,0.0,0.0,0.0,0.0,0.0,0.0,11,0.0
1/9/1962,INTUnit5,13,0,0,11,4,11,5,5,3,0.0,0.07692308,353.2833252,0.0,0.600000024,73.40000153,16.37152773,13.65486108,4.076922894,29.23076923,3.307692308,19.69230769,0.46153846200000004,3.615384615,1.615384615,0.538461538,7.25,2.75,0.583333333,3.5,0.0,0.41666666700000005,0.0,0.0,0.0,0.0,0.0,0.0,0.0,0.0,13,-1.0
1/10/1962,INTUnit5,14,0,0,9,3,9,4,4,3,0.0,0.071428575,43.96111298,0.0,0.25,52.5,,,2.428571463,31.30769231,1.846153846,22.84615385,0.307692308,2.923076923,2.153846154,1.230769231,5.076923077,1.384615385,0.23076923100000002,3.0,0.076923077,0.384615385,0.0,0.0,0.0,0.0,0.0,0.0,0.0,0.0,14,-2.0
1/11/1962,INTUnit5,12,1,0,7,3,7,6,2,3,0.0,0.15384616,40.41666412,0.0,1.0,69.5,26.08715273,5.186111083,2.3076922890000002,32.07692308,2.615384615,23.69230769,0.153846154,2.615384615,1.846153846,1.153846154,9.166666667000001,1.333333333,0.41666666700000005,6.833333333,0.166666667,0.41666666700000005,0.0,0.0,0.0,0.0,0.166666667,0.0,0.0,0.166666667,13,1.0
1/12/1962,INTUnit5,12,1,0,7,3,7,5,3,5,0.666666687,0.15384616,89.83666992,0.0,0.333333343,64.66666412,,,1.5384615659999998,21.76923077,0.384615385,18.46153846,0.153846154,1.0,1.384615385,0.384615385,7.4,0.2,0.0,7.0,0.0,0.2,0.0,0.0,0.0,0.0,1.1,0.0,0.0,1.1,13,-2.0
1/13/1962,INTUnit5,9,0,0,5,2,5,4,1,2,0.0,0.0,38.73333359,0.0,1.0,26.0,0.188888875,,1.111111164,37.77777778,1.6666666669999999,28.33333333,0.666666667,3.222222222,2.888888889,1.0,9.555555556,1.6666666669999999,0.0,7.444444444,0.0,0.444444444,0.0,0.0,0.0,0.0,0.0,0.0,0.0,0.0,9,1.0
1/14/1962,INTUnit5,9,0,0,7,2,7,3,2,0,0.0,0.0,,0.0,1.0,52.5,,,1.5555555819999998,38.33333333,2.222222222,27.33333333,0.5555555560000001,4.222222222,3.777777778,0.222222222,9.333333332999999,2.111111111,0.333333333,5.8888888889999995,0.0,1.0,0.0,0.0,0.0,0.0,0.0,0.0,0.0,0.0,9,2.0
1/15/1962,INTUnit5,13,0,0,9,2,9,3,3,4,0.0,0.0,73.29582977,0.0,0.666666687,68.33333588,1.446874979,,2.3076922890000002,34.30769231,4.538461538,23.46153846,0.076923077,2.8461538460000004,2.769230769,0.615384615,11.0,1.384615385,1.4615384619999998,7.230769231,0.0,0.923076923,0.0,0.0,0.0,0.0,0.0,0.0,0.0,0.0,13,0.0
1/16/1962,INTUnit5,12,0,0,10,3,10,6,3,4,0.0,0.0,48.19166565,0.083333336,0.333333343,66.0,4.428819417,1.9618055419999998,3.083333254,32.41666667,2.25,23.16666667,0.083333333,3.333333333,1.75,1.8333333330000001,9.181818182,1.636363636,1.454545455,5.818181817999999,0.0,0.272727273,0.0,0.0,0.0,0.0,0.0,0.0,0.0,0.0,12,1.0
1/17/1962,INTUnit5,12,0,0,11,5,11,5,4,4,0.0,0.0,28.09583282,0.166666672,0.5,56.25,,,3.25,26.41666667,0.75,20.5,0.083333333,2.75,1.9166666669999999,0.41666666700000005,5.6363636360000005,0.636363636,0.272727273,4.181818182,0.0,0.545454545,0.0,0.0,0.0,0.0,0.0,0.0,0.0,0.0,12,-3.0
1/18/1962,INTUnit5,9,0,0,8,5,8,5,1,2,0.0,0.0,25.52499962,0.222222224,0.0,45.0,10.92361108,3.135416667,1.3333333729999999,37.33333333,1.222222222,29.11111111,0.444444444,3.111111111,2.555555556,0.8888888890000001,6.375,1.125,0.0,4.875,0.0,0.375,0.0,0.0,0.0,0.0,0.0,0.0,0.0,0.0,9,1.0
1/19/1962,INTUnit5,8,1,0,8,6,8,5,2,1,0.0,0.0,141.41667180000002,0.222222224,0.0,50.0,19.28472208,,1.7777777909999999,34.11111111,3.5555555560000003,24.33333333,0.333333333,3.888888889,1.111111111,0.8888888890000001,7.875,2.5,0.5,4.625,0.0,0.25,0.0,0.0,0.0,0.0,0.0,0.0,0.0,0.0,9,-2.0
1/20/1962,INTUnit5,7,1,0,7,5,7,3,0,1,,0.0,181.1000061,0.25,,,,,2.0,37.5,2.625,27.75,0.125,4.75,2.25,0.0,8.125,2.625,0.0,5.0,0.0,0.5,0.0,0.0,0.0,0.0,1.375,0.0,0.0,1.375,8,2.0
1/21/1962,INTUnit5,7,2,0,6,5,6,3,2,2,0.0,0.111111112,63.81666565,0.222222224,0.5,62.5,29.882291600000002,12.13819438,2.8888888360000005,34.22222222,1.6666666669999999,24.66666667,0.333333333,5.333333333,1.6666666669999999,0.5555555560000001,8.0,1.75,0.0,5.625,0.125,0.5,0.0,0.0,0.0,0.0,0.875,0.25,0.0,1.125,9,0.0
1/22/1962,INTUnit5,8,1,0,7,4,7,4,1,1,0.0,0.222222224,383.9666748,0.111111112,0.0,78.0,8.047222207999999,1.34375,3.222222328,33.22222222,3.5555555560000003,21.11111111,0.222222222,5.1111111110000005,2.666666667,0.5555555560000001,9.0,2.777777778,0.0,5.666666667,0.0,0.5555555560000001,0.0,0.0,0.0,0.0,1.111111111,0.444444444,0.0,1.5555555559999998,9,0.0
1/23/1962,INTUnit5,7,2,0,7,5,7,6,2,1,0.0,0.333333343,23.20000076,0.111111112,0.5,71.0,6.711458312,,3.333333254,35.33333333,2.222222222,23.77777778,0.333333333,4.555555556,3.111111111,1.333333333,9.222222222000001,2.444444444,0.444444444,5.0,0.111111111,1.222222222,0.0,0.0,0.444444444,0.0,1.4444444440000002,1.0,0.0,2.888888889,9,0.0
1/24/1962,INTUnit5,8,2,0,6,5,6,5,2,4,0.0,0.200000003,193.79167180000002,0.200000003,0.0,81.0,,,2.799999952,28.8,3.0,18.1,0.3,3.6,2.1,1.7,6.5,1.3,1.4,2.8,0.1,0.9,0.0,0.0,0.3,0.1,0.8,0.4,0.3,1.9,10,1.0
1/25/1962,INTUnit5,8,1,0,5,4,5,4,3,3,0.333333343,0.111111112,101.3666687,0.222222224,0.666666687,55.0,22.55069433,11.91319442,3.222222328,28.44444444,5.8888888889999995,16.88888889,0.111111111,2.333333333,2.444444444,0.7777777779999999,4.333333333,0.666666667,2.0,1.4444444440000002,0.0,0.222222222,0.0,0.0,0.0,0.0,0.0,0.111111111,0.666666667,0.7777777779999999,9,-1.0
1/26/1962,INTUnit5,7,1,0,6,4,6,5,2,3,2.0,0.0,20.09444427,0.25,0.5,29.0,25.9416666,3.712499979,4.375,33.375,2.5,26.875,0.125,2.375,1.5,0.0,8.0,1.0,1.5,5.25,0.0,0.25,0.0,0.0,0.0,0.0,0.0,0.0,0.0,0.0,8,-1.0
1/27/1962,INTUnit5,6,0,0,5,3,5,4,1,2,0.0,0.0,38.26666641,0.333333343,0.0,49.0,,,3.166666746,32.16666667,1.166666667,27.33333333,0.0,2.0,1.6666666669999999,0.0,5.333333333,0.666666667,0.333333333,4.0,0.0,0.333333333,0.0,0.0,0.0,0.0,0.0,0.0,0.0,0.0,6,4.0
1/28/1962,INTUnit5,9,0,0,6,3,6,5,5,1,0.400000006,0.0,94.6166687,0.222222224,0.400000006,61.20000076,5.859027771,,4.222222328,41.0,5.333333333,26.66666667,0.222222222,5.1111111110000005,2.333333333,1.333333333,6.222222222,1.7777777780000001,0.0,3.666666667,0.111111111,0.666666667,0.0,0.0,0.0,0.0,0.0,0.0,0.0,0.0,9,-2.0
1/29/1962,INTUnit5,11,0,0,9,4,9,5,3,5,0.0,0.0,31.45000076,0.272727281,0.333333343,50.33333206,14.16736108,4.728472208,3.636363745,33.09090909,1.545454545,24.81818182,0.636363636,3.1818181819999998,2.363636364,0.545454545,5.6,1.2,0.4,3.4,0.2,0.4,0.0,0.0,0.0,0.0,0.0,0.0,0.0,0.0,11,1.0
1/30/1962,INTUnit5,10,0,0,9,3,9,5,5,3,0.400000006,0.0,28.29999924,0.200000003,0.400000006,59.0,7.684374978999999,6.52777775,3.200000048,27.4,2.3,19.2,0.4,2.2,3.3,0.0,3.888888889,0.5555555560000001,0.0,3.111111111,0.0,0.222222222,0.0,0.0,0.0,0.0,0.0,0.0,0.0,0.0,10,-1.0
1/31/1962,INTUnit5,11,0,0,9,3,9,5,4,5,0.25,0.0,29.22333336,0.272727281,0.5,65.75,,,1.454545498,25.36363636,1.545454545,19.45454545,0.636363636,0.9090909090000001,2.1818181819999998,0.636363636,3.0909090910000003,0.090909091,0.090909091,2.727272727,0.0,0.181818182,0.0,0.0,0.0,0.0,0.0,0.0,0.0,0.0,11,3.0
2/1/1962,INTUnit5,11,1,1,7,3,7,4,7,5,1.714285731,0.07692308,30.26666641,0.15384616,0.28571429800000003,51.42856979,18.95995364,2.272569437,2.0769231319999997,32.76923077,3.076923077,22.30769231,0.538461538,1.846153846,3.615384615,1.384615385,4.461538462,0.692307692,0.0,3.384615385,0.0,0.384615385,0.0,0.0,0.153846154,0.0,0.615384615,0.0,0.0,0.7692307690000001,13,-8.0
2/2/1962,INTUnit5,5,2,0,2,1,2,1,1,3,0.0,0.0,21.13333321,0.14285714900000002,0.0,36.0,,,1.142857194,29.57142857,2.4285714290000002,22.57142857,0.428571429,2.5714285709999998,1.428571429,0.14285714300000002,4.714285714,1.428571429,0.571428571,2.714285714,0.0,0.0,0.0,0.0,0.0,0.0,0.428571429,0.0,0.0,0.428571429,7,1.0
2/3/1962,INTUnit5,6,0,0,4,2,4,2,2,2,0.5,0.0,17.60833359,0.166666672,0.5,71.5,2.749999958,0.657638875,1.1666666270000001,26.16666667,4.5,15.0,0.333333333,1.333333333,2.0,3.0,5.2,0.2,1.4,3.4,0.0,0.2,0.0,0.0,0.0,0.0,0.0,0.0,0.0,0.0,6,0.0
2/4/1962,INTUnit5,6,0,0,4,1,4,3,2,2,1.0,0.0,39.31666565,0.166666672,0.5,73.5,,,0.833333313,34.5,3.333333333,25.66666667,0.333333333,2.333333333,2.833333333,0.0,7.333333333,0.333333333,0.666666667,5.0,0.0,1.333333333,0.0,0.0,0.0,0.0,0.0,0.0,0.0,0.0,6,0.0
2/5/1962,INTUnit5,6,0,0,4,1,4,3,2,0,0.0,0.0,,0.333333343,0.0,74.0,0.5486110829999999,,0.666666687,36.0,4.666666667,23.16666667,0.166666667,4.833333333,1.8333333330000001,1.333333333,9.5,3.5,1.8333333330000001,3.666666667,0.0,0.5,0.0,0.0,0.0,0.0,0.0,0.0,0.0,0.0,6,1.0
2/6/1962,INTUnit5,9,0,0,8,3,8,3,3,2,2.6666667459999998,0.0,25.59166718,0.333333343,0.333333343,66.66666412,12.88888883,1.204166667,1.3333333729999999,30.88888889,1.222222222,23.88888889,0.333333333,3.222222222,1.333333333,0.8888888890000001,5.1111111110000005,1.6666666669999999,0.0,3.333333333,0.0,0.0,0.111111111,0.0,0.0,0.0,0.0,0.0,0.0,0.0,9,-2.0
2/7/1962,INTUnit5,8,0,0,6,3,6,4,1,2,0.0,0.0,21.82500076,0.5,0.0,61.0,30.60138879,,2.125,34.5,1.125,24.25,0.25,4.125,2.875,1.875,6.25,1.875,0.375,3.375,0.0,0.625,0.0,0.0,0.0,0.0,0.0,0.0,0.0,0.0,8,5.0
2/8/1962,INTUnit5,12,0,0,10,5,10,7,4,5,0.0,0.0,140.16999819999998,0.41666665700000005,0.5,58.75,7.730034708,,8.666666985,32.91666667,2.75,23.41666667,0.833333333,3.083333333,1.5833333330000001,1.25,3.857142857,1.285714286,0.0,2.142857143,0.14285714300000002,0.28571428600000004,0.0,0.0,0.0,0.0,0.0,0.0,0.0,0.0,12,-2.0
2/9/1962,INTUnit5,8,1,0,8,4,8,7,2,2,5.0,0.0,18.78333282,0.222222224,1.0,71.5,17.66423608,,10.66666698,38.77777778,1.4444444440000002,28.55555556,1.111111111,3.4444444439999997,3.111111111,1.111111111,5.625,1.875,0.0,3.0,0.0,0.75,0.0,0.0,0.0,0.0,0.0,0.0,0.0,0.0,9,0.0
2/10/1962,INTUnit5,8,1,0,8,3,8,7,3,4,0.666666687,0.0,49.84166718,0.333333343,0.666666687,64.66666412,3.793055542,,3.666666746,33.55555556,5.8888888889999995,22.33333333,0.111111111,3.222222222,0.8888888890000001,1.111111111,4.5,0.75,0.0,3.375,0.125,0.25,0.0,0.0,0.0,0.0,0.125,0.0,0.0,0.125,9,-1.0
2/11/1962,INTUnit5,7,0,0,6,2,6,5,1,3,0.0,0.0,32.20555496,0.571428597,1.0,83.0,,,1.0,31.42857143,0.28571428600000004,25.42857143,0.428571429,2.4285714290000002,2.857142857,0.0,4.5,0.833333333,0.0,3.333333333,0.0,0.333333333,0.0,0.0,0.0,0.0,0.0,0.0,0.0,0.0,7,4.0
2/12/1962,INTUnit5,9,0,0,5,2,5,4,5,2,0.0,0.0,39.78333282,0.333333343,0.400000006,52.40000153,2.866666667,,1.5555555819999998,29.88888889,2.555555556,20.22222222,0.5555555560000001,2.555555556,1.5555555559999998,2.444444444,3.5,0.625,0.0,2.5,0.0,0.25,0.125,0.0,0.0,0.0,0.0,0.0,0.0,0.0,9,-1.0
2/13/1962,INTUnit5,11,0,0,6,1,6,4,3,5,0.0,0.09090909400000001,22.24666595,0.181818187,0.333333343,64.66666412,7.069444417000001,1.073611083,1.8181818719999998,29.72727273,2.636363636,22.90909091,0.363636364,1.0909090909999999,2.090909091,0.636363636,7.090909091,0.363636364,0.0,6.090909091,0.090909091,0.454545455,0.090909091,0.0,0.0,0.0,0.0,0.0,0.0,0.0,11,2.0
2/14/1962,INTUnit5,11,0,0,5,1,5,3,5,4,1.7999999519999998,0.09090909400000001,36.22083282,0.181818187,0.600000024,57.40000153,,,2.4545454980000003,26.72727273,0.363636364,18.0,0.363636364,2.272727273,2.090909091,3.6363636360000005,2.7,0.5,0.0,2.0,0.0,0.2,0.0,0.0,0.0,0.0,0.0,0.0,0.0,0.0,11,-2.0
2/15/1962,INTUnit5,10,0,0,6,1,6,4,3,3,0.0,0.0,25.70555496,0.200000003,0.333333343,57.33333206,,,5.099999905,32.0,1.6,23.5,0.4,2.9,2.2,1.4,7.4,2.5,0.0,4.4,0.0,0.5,0.0,0.0,0.0,0.0,0.0,0.0,0.0,0.0,10,-2.0
2/16/1962,INTUnit5,8,0,0,7,2,7,4,1,1,2.0,0.0,21.10000038,0.25,0.0,86.0,,,5.0,39.125,3.25,29.875,0.0,2.75,3.25,0.0,8.0,1.625,0.0,6.0,0.0,0.375,0.0,0.0,0.0,0.0,0.0,0.0,0.0,0.0,8,-1.0
2/17/1962,INTUnit5,7,0,0,6,2,6,4,0,3,,0.0,147.3388824,0.28571429800000003,,,,,1.285714269,35.14285714,0.0,30.71428571,0.14285714300000002,2.285714286,2.0,0.0,7.571428571,0.857142857,0.0,6.428571429,0.0,0.28571428600000004,0.0,0.0,0.0,0.0,0.0,0.0,0.0,0.0,7,4.0
2/18/1962,INTUnit5,8,0,0,6,1,6,3,4,1,0.0,0.0,53.93333435,0.125,0.5,44.0,,,1.0,32.875,3.0,25.375,0.25,3.25,0.625,0.375,7.25,1.125,0.0,6.125,0.0,0.0,0.0,0.0,0.0,0.0,0.0,0.0,0.0,0.0,8,-3.0
2/19/1962,INTUnit5,8,0,0,5,1,5,3,1,3,0.0,0.0,45.96110916,0.125,0.0,90.0,,,1.0,31.375,0.5,25.75,0.375,3.5,1.25,0.0,6.125,0.875,0.0,5.25,0.0,0.0,0.0,0.0,0.0,0.0,0.0,0.0,0.0,0.0,8,5.0
2/20/1962,INTUnit5,11,0,0,9,3,9,5,6,4,0.166666672,0.0,39.47499847,0.09090909400000001,0.5,65.66666412,0.18333333300000001,,1.454545498,29.0,0.818181818,24.0,0.272727273,2.363636364,0.363636364,1.181818182,4.3636363639999995,1.181818182,0.0,3.0909090910000003,0.090909091,0.0,0.0,0.0,0.0,0.0,0.0,0.0,0.0,0.0,11,-2.0
2/21/1962,INTUnit5,9,1,1,8,4,8,6,4,3,2.25,0.09090909400000001,27.8722229,0.09090909400000001,0.5,50.25,14.63379622,5.791666625,6.818181992,30.54545455,1.181818182,24.09090909,0.181818182,2.545454545,1.454545455,1.0909090909999999,5.6,1.3,0.0,4.2,0.0,0.1,0.0,0.0,0.0,0.0,0.0,0.4,0.0,0.4,11,0.0
2/22/1962,INTUnit5,9,2,1,7,2,7,6,4,3,0.0,0.083333336,28.46666718,0.083333336,0.25,67.0,0.056944417000000004,,6.833333492,29.08333333,0.333333333,23.58333333,0.083333333,2.416666667,1.333333333,1.333333333,6.75,1.25,0.0,5.166666667,0.0,0.333333333,0.0,0.0,0.083333333,0.0,0.5,0.5,0.0,1.083333333,12,-2.0
2/23/1962,INTUnit5,8,2,1,5,2,5,5,2,2,0.0,0.09090909400000001,47.42499924,0.09090909400000001,0.5,42.0,15.61041667,,6.727272511000001,28.90909091,1.0,22.27272727,0.090909091,2.727272727,2.545454545,0.272727273,7.7,1.2,0.1,5.9,0.0,0.5,0.0,0.0,0.0,0.0,2.8,0.3,0.0,3.1,11,-2.0
2/24/1962,INTUnit5,5,3,1,4,2,4,4,0,3,,0.111111112,63.17222214,0.222222224,,,,,7.8888888360000005,33.11111111,3.5555555560000003,24.0,0.333333333,2.777777778,2.444444444,0.0,5.375,1.75,0.5,2.625,0.0,0.5,0.0,0.0,0.25,0.0,1.25,0.0,0.0,1.5,9,1.0
2/25/1962,INTUnit5,5,2,0,5,3,5,4,1,1,0.0,0.14285714900000002,44.96666718,0.14285714900000002,1.0,51.0,,,2.857142925,34.42857143,4.714285714,23.28571429,0.428571429,3.0,2.714285714,0.28571428600000004,5.8,2.8,0.2,2.0,0.0,0.8,0.0,0.0,0.4,0.0,0.6,0.8,0.2,2.0,7,1.0
2/26/1962,INTUnit5,6,2,0,5,3,5,5,2,1,1.5,0.125,26.63333321,0.125,0.5,65.5,15.57916662,,2.75,34.625,2.0,27.75,0.0,3.125,0.875,0.875,7.875,2.875,0.0,5.0,0.0,0.0,0.0,0.0,0.0,0.0,1.875,0.5,0.0,2.375,8,1.0
2/27/1962,INTUnit5,8,2,0,7,3,7,4,3,3,1.666666627,0.10000000099999999,218.1333313,0.10000000099999999,0.333333343,42.66666794,,,3.0,32.7,3.8,23.5,0.0,2.5,2.0,0.9,6.3,1.2,0.0,4.8,0.0,0.3,0.0,0.0,0.0,0.0,0.3,0.2,0.0,0.5,10,1.0
2/28/1962,INTUnit5,8,3,0,6,3,6,4,3,4,0.0,0.09090909400000001,34.39166641,0.09090909400000001,1.0,71.66666412,16.39583329,,3.5454545019999997,32.36363636,2.454545455,23.09090909,0.363636364,2.8181818180000002,2.090909091,1.545454545,5.454545455,1.2727272729999999,0.0,3.9090909089999997,0.0,0.272727273,0.0,0.0,0.0,0.0,0.181818182,0.181818182,0.0,0.363636364,11,1.0
3/1/1962,INTUnit5,9,2,0,8,3,8,4,4,1,0.0,0.09090909400000001,25.81666756,0.09090909400000001,0.75,49.5,21.68506937,3.9513888539999997,9.727272987000001,29.54545455,3.3636363639999995,21.54545455,0.090909091,3.0909090910000003,0.727272727,0.727272727,6.0,1.0,0.0,4.8,0.0,0.2,0.0,0.0,0.1,0.0,0.9,0.2,0.0,1.2,11,-3.0
3/2/1962,INTUnit5,9,2,0,8,2,8,5,1,4,0.0,0.09090909400000001,45.92916489,0.09090909400000001,1.0,59.0,,,9.636363982999999,28.81818182,1.0909090909999999,22.36363636,0.090909091,2.363636364,2.090909091,0.818181818,9.1,1.7,0.7,6.2,0.1,0.4,0.0,0.0,0.1,0.0,0.6,0.4,0.3,1.4,11,1.0
3/3/1962,INTUnit5,8,1,0,7,2,7,4,2,5,0.0,0.222222224,143.21667480000002,0.222222224,0.5,74.0,11.53958331,1.8177083330000001,11.44444466,23.22222222,0.7777777779999999,19.33333333,0.444444444,1.333333333,1.333333333,0.0,6.0,1.25,0.0,4.75,0.0,0.0,0.0,0.0,0.0,0.0,0.375,0.125,0.0,0.5,9,2.0
3/4/1962,INTUnit5,8,0,0,7,3,7,5,4,2,1.0,0.25,57.375,0.25,0.5,61.0,37.38680546,6.822916625,12.25,34.125,1.875,24.375,0.375,3.5,2.625,1.375,7.571428571,1.857142857,0.0,5.1428571430000005,0.14285714300000002,0.428571429,0.0,0.0,0.0,0.0,0.0,0.0,0.0,0.0,8,1.0
3/5/1962,INTUnit5,11,0,0,9,1,9,5,4,3,0.0,0.09090909400000001,53.92778015,0.09090909400000001,0.25,48.75,,,11.0,26.54545455,2.727272727,19.0,0.454545455,2.090909091,1.454545455,0.818181818,6.1,0.9,0.0,4.6,0.0,0.6,0.0,0.0,0.0,0.0,0.0,0.0,0.0,0.0,11,-2.0
3/6/1962,INTUnit5,10,0,0,8,1,8,5,2,6,4.0,0.10000000099999999,38.383331299999995,0.200000003,0.5,70.5,0.270833333,,11.89999962,27.3,0.1,23.1,0.2,1.8,2.0,0.1,6.7,0.6,0.0,5.7,0.0,0.4,0.0,0.0,0.0,0.0,0.0,0.0,0.0,0.0,10,3.0
3/7/1962,INTUnit5,9,0,0,7,2,7,4,5,1,0.400000006,0.0,27.70000076,0.111111112,0.0,64.0,3.895138875,,1.4444444180000002,27.22222222,2.444444444,19.77777778,0.444444444,1.6666666669999999,2.222222222,0.666666667,5.875,0.75,0.375,4.5,0.0,0.25,0.0,0.0,0.0,0.0,0.0,0.0,0.0,0.0,9,0.0
3/8/1962,INTUnit5,13,0,0,10,2,10,6,5,6,1.399999976,0.0,34.72777939,0.07692308,0.200000003,64.40000153,19.29861108,,1.230769277,32.15384615,3.1538461539999996,22.07692308,0.615384615,2.615384615,2.384615385,1.307692308,5.25,1.25,0.25,3.5,0.0,0.25,0.0,0.0,0.0,0.0,0.0,0.0,0.0,0.0,13,-4.0
3/9/1962,INTUnit5,7,1,0,6,3,6,5,1,3,1.0,0.0,26.73888969,0.0,0.0,84.0,,,1.25,31.375,1.0,25.5,0.125,2.875,1.875,0.0,4.833333333,2.333333333,0.0,2.166666667,0.0,0.333333333,0.0,0.0,0.0,0.0,0.166666667,0.5,0.0,0.666666667,8,1.0
3/10/1962,INTUnit5,6,1,0,5,3,5,5,2,2,0.5,0.0,104.5500031,0.0,0.5,67.0,,,1.285714269,28.85714286,2.142857143,23.14285714,0.0,2.142857143,1.142857143,0.28571428600000004,4.5,1.333333333,0.0,3.166666667,0.0,0.0,0.0,0.0,0.0,0.0,0.666666667,0.0,0.0,0.666666667,7,1.0
3/11/1962,INTUnit5,8,0,0,7,2,7,4,3,1,0.0,0.0,21.21666718,0.0,0.666666687,63.0,23.86388883,18.94791662,2.5,35.25,2.625,28.0,0.25,2.125,0.625,1.625,5.571428571,0.857142857,0.0,4.714285714,0.0,0.0,0.0,0.0,0.0,0.0,0.0,0.0,0.0,0.0,8,0.0
3/12/1962,INTUnit5,10,0,0,9,3,9,5,3,5,2.0,0.0,51.11999893,0.10000000099999999,0.666666687,45.0,,,2.400000095,30.4,2.8,21.5,0.1,1.1,1.7,3.2,4.833333333,0.333333333,1.333333333,2.5,0.0,0.666666667,0.0,0.0,0.0,0.0,0.0,0.0,0.0,0.0,10,1.0
3/13/1962,INTUnit5,9,0,0,6,1,6,3,4,2,1.0,0.0,52.04166794,0.111111112,0.25,65.75,7.877777707999999,,2.3333332540000002,25.88888889,2.666666667,18.11111111,0.222222222,0.666666667,2.222222222,2.0,3.0,0.0,0.0,2.8,0.0,0.2,0.0,0.0,0.0,0.0,0.0,0.0,0.0,0.0,9,-1.0
3/14/1962,INTUnit5,10,0,0,8,3,8,6,3,3,0.0,0.0,19.64444351,0.10000000099999999,0.0,53.33333206,16.90972221,,2.299999952,34.7,3.8,24.8,0.1,2.2,2.8,1.0,6.333333333,1.888888889,0.0,4.1111111110000005,0.0,0.333333333,0.0,0.0,0.0,0.0,0.0,0.0,0.0,0.0,10,-1.0
3/15/1962,INTUnit5,9,0,0,9,4,9,4,2,2,0.5,0.0,38.29999924,0.222222224,0.5,66.0,20.75625,,1.4444444180000002,32.55555556,0.5555555560000001,26.55555556,0.333333333,1.888888889,2.333333333,0.8888888890000001,4.714285714,1.285714286,0.0,3.428571429,0.0,0.0,0.0,0.0,0.0,0.0,0.0,0.0,0.0,0.0,9,-2.0
3/16/1962,INTUnit5,7,0,0,7,3,7,3,0,3,,0.0,36.40000153,0.28571429800000003,,,,,1.714285731,34.28571429,1.428571429,26.42857143,0.428571429,1.857142857,4.1428571430000005,0.0,7.5,1.8333333330000001,0.166666667,4.0,0.0,1.5,0.0,0.0,0.0,0.0,0.0,0.0,0.0,0.0,7,2.0
3/17/1962,INTUnit5,6,0,0,5,2,5,1,2,1,1.0,0.0,45.04999924,0.333333343,0.5,65.5,,,1.833333373,35.16666667,1.6666666669999999,24.5,0.166666667,3.0,5.0,0.833333333,8.4,1.6,0.0,5.6,0.0,1.2,0.0,0.0,0.0,0.0,0.0,0.0,0.0,0.0,6,2.0
3/18/1962,INTUnit5,9,0,0,6,2,6,4,4,1,0.25,0.0,35.84999847,0.222222224,0.75,54.5,,,2.0,33.0,2.111111111,21.66666667,0.222222222,2.444444444,3.4444444439999997,3.111111111,8.125,0.75,0.125,6.125,0.0,1.125,0.0,0.0,0.0,0.0,0.0,0.0,0.0,0.0,9,1.0
3/19/1962,INTUnit5,13,0,0,8,3,8,5,5,4,0.0,0.0,21.47500038,0.07692308,0.200000003,55.0,2.708333333,,2.461538553,30.69230769,2.461538462,22.23076923,0.384615385,0.692307692,3.1538461539999996,1.769230769,7.583333333,0.166666667,0.333333333,6.166666667,0.083333333,0.833333333,0.0,0.0,0.0,0.0,0.0,0.0,0.0,0.0,13,0.0
3/20/1962,INTUnit5,14,0,0,8,4,8,3,5,5,0.600000024,0.0,39.36666489,0.071428575,0.200000003,63.59999847,9.957291667,0.6479166670000001,2.571428537,33.0,4.5,21.5,0.428571429,1.928571429,2.285714286,2.357142857,6.692307692000001,0.7692307690000001,0.384615385,5.153846154,0.0,0.384615385,0.0,0.0,0.0,0.0,0.0,0.0,0.0,0.0,14,-4.0
3/21/1962,INTUnit5,10,0,0,5,3,5,4,2,2,0.5,0.0,19.79999924,0.0,0.5,60.5,3.885416667,,2.400000095,28.2,0.5,22.8,0.4,1.9,1.8,0.8,6.7,0.2,0.0,5.8,0.0,0.7,0.0,0.0,0.0,0.0,0.0,0.0,0.0,0.0,10,2.0
3/22/1962,INTUnit5,12,0,0,7,2,7,4,4,3,0.0,0.0,33.1222229,0.0,0.25,54.75,0.9006944170000001,,2.6666667459999998,27.0,1.333333333,20.41666667,0.666666667,1.75,2.0,0.833333333,5.7,0.5,0.0,4.8,0.0,0.4,0.0,0.0,0.0,0.0,0.0,0.0,0.0,0.0,12,-2.0
3/23/1962,INTUnit5,11,0,0,6,3,6,4,2,6,0.5,0.0,56.70555496,0.0,0.5,41.0,5.738888833,2.675694417,2.272727251,25.45454545,0.272727273,20.18181818,0.636363636,1.9090909090000001,2.454545455,0.0,6.181818182000001,1.181818182,0.0,4.454545455,0.0,0.545454545,0.0,0.0,0.0,0.0,0.0,0.0,0.0,0.0,11,0.0
3/24/1962,INTUnit5,7,0,0,5,4,5,4,1,3,4.0,0.0,19.30000114,0.28571429800000003,0.0,46.0,7.261111082999999,4.0236110830000005,2.428571463,27.0,2.714285714,19.28571429,0.14285714300000002,3.285714286,1.571428571,0.0,4.714285714,1.142857143,0.0,3.285714286,0.0,0.28571428600000004,0.0,0.0,0.0,0.0,0.0,0.0,0.0,0.0,7,3.0
3/25/1962,INTUnit5,8,0,0,5,3,5,1,4,1,0.0,0.0,144.0166626,0.0,0.0,65.5,0.9006944170000001,,3.625,30.5,3.875,19.375,0.5,2.875,2.75,1.125,5.571428571,1.428571429,0.0,3.428571429,0.0,0.7142857140000001,0.0,0.0,0.0,0.0,0.0,0.0,0.0,0.0,8,-2.0
3/26/1962,INTUnit5,9,0,0,6,3,6,2,2,3,2.0,0.0,48.85555649,0.0,1.0,69.0,0.731944417,,2.4444444180000002,36.22222222,0.444444444,26.77777778,0.444444444,4.333333333,3.666666667,0.5555555560000001,7.8888888889999995,2.444444444,0.0,4.777777778,0.0,0.666666667,0.0,0.0,0.0,0.0,0.0,0.0,0.0,0.0,9,3.0
3/27/1962,INTUnit5,10,1,0,9,6,9,3,4,5,0.0,0.0,43.77999878,0.0,0.75,45.75,,,2.727272749,24.54545455,2.8181818180000002,17.18181818,0.272727273,2.090909091,1.545454545,0.636363636,4.8,0.9,0.2,3.3,0.0,0.4,0.0,0.0,0.0,0.0,0.0,0.1,0.0,0.1,11,0.0
3/28/1962,INTUnit5,10,0,0,9,8,9,3,4,4,0.0,0.0,15.9333334,0.10000000099999999,0.0,64.5,0.20972220800000002,,3.700000048,24.4,2.5,17.7,0.2,2.4,0.7,0.9,6.5,0.7,0.5,5.2,0.0,0.1,0.0,0.0,0.0,0.0,0.0,0.0,0.0,0.0,10,1.0
3/29/1962,INTUnit5,11,0,0,10,8,10,6,4,4,2.0,0.0,33.19166565,0.0,0.75,55.25,5.073611083,2.967361083,3.090909004,27.27272727,2.1818181819999998,18.81818182,0.272727273,2.363636364,2.363636364,1.2727272729999999,4.6,0.3,0.0,4.0,0.1,0.2,0.0,0.0,0.0,0.0,0.0,0.0,0.0,0.0,11,-3.0
3/30/1962,INTUnit5,8,0,0,7,5,7,5,1,4,0.0,0.0,40.86249924,0.0,0.0,52.0,,,3.0,25.875,0.125,21.625,0.125,1.625,2.375,0.0,5.5,0.375,0.0,4.5,0.0,0.625,0.0,0.0,0.0,0.0,0.0,0.0,0.0,0.0,8,2.0
3/31/1962,INTUnit5,7,0,0,5,3,5,4,3,2,0.0,0.0,58.14999771,0.0,0.666666687,59.0,,,3.571428537,32.71428571,2.285714286,27.14285714,0.28571428600000004,1.428571429,1.142857143,0.428571429,5.571428571,0.14285714300000002,0.0,5.428571429,0.0,0.0,0.0,0.0,0.0,0.0,0.0,0.0,0.0,0.0,7,-1.0
4/1/1962,INTUnit5,7,0,0,6,2,6,3,2,1,0.0,0.0,22.83333397,0.0,0.5,58.0,,,1.0,31.85714286,1.857142857,23.0,0.0,2.857142857,3.428571429,0.7142857140000001,6.285714286,1.857142857,0.14285714300000002,3.142857143,0.0,1.142857143,0.0,0.0,0.0,0.0,0.0,0.0,0.0,0.0,7,3.0
4/2/1962,INTUnit5,10,0,1,8,2,8,4,4,4,0.0,0.09090909400000001,39.20416641,0.0,0.5,55.25,4.797916646,8.834722207999999,2.363636255,28.45454545,1.454545455,18.54545455,0.454545455,3.272727273,3.545454545,1.181818182,5.090909091,1.454545455,0.0,3.0909090910000003,0.090909091,0.454545455,0.0,0.0,0.0,0.0,0.090909091,0.090909091,0.0,0.181818182,11,-1.0
4/3/1962,INTUnit5,9,0,1,7,3,7,7,3,4,1.666666627,0.10000000099999999,30.96249962,0.10000000099999999,0.333333343,58.66666794,27.54999987,9.90833325,3.599999905,29.3,0.5,22.5,0.3,1.9,2.9,1.2,6.9,0.7,0.0,5.5,0.0,0.6,0.1,0.0,0.0,0.0,0.2,0.0,0.0,0.2,10,1.0
4/4/1962,INTUnit5,10,0,0,8,3,8,6,4,3,0.0,0.10000000099999999,31.48333359,0.10000000099999999,0.5,62.75,11.58715273,,3.099999905,28.9,1.1,22.6,0.3,1.3,1.2,2.4,6.5,1.0,0.0,5.375,0.0,0.125,0.0,0.0,0.0,0.0,0.0,0.0,0.0,0.0,10,1.0
4/5/1962,INTUnit5,12,0,0,7,3,7,5,5,3,0.0,0.083333336,35.08333206,0.0,0.400000006,51.20000076,2.708333333,,2.3333332540000002,26.5,1.166666667,20.25,0.166666667,1.9166666669999999,1.8333333330000001,1.166666667,7.1,0.8,0.0,5.6,0.2,0.5,0.0,0.0,0.0,0.0,0.0,0.0,0.0,0.0,12,-4.0
4/6/1962,INTUnit5,9,1,0,6,4,6,4,1,2,0.0,0.10000000099999999,33.24166489,0.10000000099999999,1.0,55.0,,,3.0,30.2,0.4,24.4,0.3,2.5,2.5,0.1,7.1111111110000005,1.333333333,0.0,5.222222222,0.0,0.5555555560000001,0.0,0.0,0.0,0.0,0.0,0.0,0.0,0.0,10,-1.0
4/7/1962,INTUnit5,7,1,0,5,5,5,4,0,2,,0.125,45.26666641,0.0,,,,,2.75,26.0,2.75,18.625,0.0,2.625,1.625,0.375,4.285714286,1.142857143,0.0,3.0,0.0,0.14285714300000002,0.0,0.0,0.0,0.0,0.0,0.0,0.0,0.0,8,3.0
4/8/1962,INTUnit5,7,2,0,4,4,4,3,3,2,0.0,0.111111112,100.5583344,0.111111112,0.666666687,46.66666794,6.903472207999999,,2.4444444180000002,33.55555556,1.111111111,23.0,0.222222222,3.111111111,2.444444444,3.666666667,3.777777778,1.4444444440000002,0.0,1.6666666669999999,0.111111111,0.5555555560000001,0.0,0.0,0.0,0.0,0.0,0.0,0.0,0.0,9,-1.0
4/9/1962,INTUnit5,7,2,0,5,3,5,3,2,3,0.0,0.0,92.62777709999999,0.0,0.0,70.0,,,1.2222222090000001,36.22222222,0.666666667,28.77777778,0.5555555560000001,3.222222222,2.333333333,0.666666667,8.5,1.625,0.0,6.25,0.0,0.5,0.125,0.0,0.0,0.0,1.25,0.625,0.0,1.875,9,2.0
4/10/1962,INTUnit5,9,1,0,6,4,6,1,4,4,0.75,0.10000000099999999,54.77083206,0.0,0.5,65.0,9.6743055,,2.200000048,31.0,1.1,21.4,1.3,4.2,2.5,0.5,6.333333333,2.111111111,0.0,3.777777778,0.0,0.444444444,0.0,0.0,0.0,0.0,0.0,0.222222222,0.0,0.222222222,10,1.0
4/11/1962,INTUnit5,10,1,0,5,4,5,4,5,1,0.0,0.181818187,24.89999962,0.09090909400000001,0.400000006,57.79999924,11.8305555,4.616666625,3.0,28.09090909,0.818181818,20.54545455,0.636363636,2.0,2.454545455,1.636363636,5.5,0.6,0.0,4.6,0.0,0.3,0.0,0.0,0.0,0.0,0.0,0.0,0.0,0.0,11,-1.0
4/12/1962,INTUnit5,12,2,0,7,4,7,5,4,5,0.75,0.21428571600000001,93.43666077,0.071428575,0.25,56.5,14.96701385,1.829166667,3.357142925,29.21428571,1.642857143,21.28571429,0.857142857,2.214285714,2.357142857,0.857142857,5.285714286,0.9285714290000001,0.0,4.0,0.14285714300000002,0.214285714,0.0,0.0,0.0,0.0,0.28571428600000004,0.071428571,0.0,0.35714285700000004,14,-3.0
4/13/1962,INTUnit5,9,1,0,7,3,7,3,1,2,8.0,0.10000000099999999,118.63333130000001,0.10000000099999999,1.0,62.0,30.92708325,3.510416625,4.1999998089999995,33.7,0.3,27.5,0.0,3.6,2.3,0.0,9.4,2.0,0.0,7.0,0.0,0.4,0.0,0.0,0.0,0.0,0.9,0.0,0.0,0.9,10,1.0
4/14/1962,INTUnit5,9,1,0,8,3,8,5,2,4,1.5,0.10000000099999999,53.26666641,0.10000000099999999,0.0,38.0,4.431249958,,4.1999998089999995,32.8,0.5,25.7,0.5,2.2,2.5,1.4,7.4,0.8,0.0,6.1,0.1,0.4,0.0,0.0,0.0,0.0,0.6,0.0,0.0,0.6,10,2.0
4/15/1962,INTUnit5,10,0,0,7,4,7,4,4,3,0.0,0.0,33.60555649,0.10000000099999999,0.25,59.75,19.14305552,,4.3000001910000005,31.7,2.0,22.1,1.1,2.6,2.8,1.1,5.2,1.2,0.0,3.2,0.1,0.7,0.0,0.0,0.0,0.0,0.0,0.0,0.0,0.0,10,0.0
4/16/1962,INTUnit5,9,1,1,4,1,4,2,4,2,0.25,0.0,16.31666565,0.0,0.5,65.75,0.125,,3.0,33.81818182,0.9090909090000001,23.36363636,2.727272727,2.363636364,1.9090909090000001,2.545454545,5.5,1.1,0.0,3.8,0.0,0.6,0.0,0.0,0.0,0.0,0.1,0.4,0.0,0.5,11,0.0
4/17/1962,INTUnit5,11,1,1,6,1,6,5,4,4,0.25,0.0,43.96250153,0.0,0.75,57.25,,,1.615384579,31.53846154,2.0,23.07692308,1.0,2.692307692,1.769230769,1.0,7.666666667,2.416666667,0.5,4.5,0.0,0.25,0.0,0.0,0.0,0.0,0.666666667,1.166666667,0.25,2.083333333,13,-2.0
4/18/1962,INTUnit5,9,1,1,6,2,6,5,2,3,0.0,0.0,36.71666718,0.0,0.0,54.0,6.990972208,,2.181818247,26.63636364,2.1818181819999998,19.18181818,0.090909091,1.636363636,1.2727272729999999,2.272727273,7.1111111110000005,0.666666667,1.333333333,4.555555556,0.0,0.5555555560000001,0.0,0.0,0.222222222,0.0,0.666666667,0.333333333,0.666666667,1.888888889,11,2.0
4/19/1962,INTUnit5,10,2,0,6,4,6,6,4,3,3.0,0.083333336,30.49444389,0.083333336,0.25,63.0,43.96423598,5.929166625,4.25,28.91666667,2.333333333,20.83333333,0.166666667,2.5,2.25,0.833333333,8.5,0.8,1.4,5.9,0.0,0.4,0.0,0.0,0.0,0.0,0.5,0.4,0.7,1.6,12,-3.0
4/20/1962,INTUnit5,7,3,0,5,3,5,4,1,3,0.0,0.10000000099999999,85.2277832,0.10000000099999999,1.0,56.0,11.67569442,,4.3000001910000005,31.9,1.8,25.1,0.5,2.4,1.9,0.2,6.8,1.0,0.0,4.8,0.1,0.9,0.0,0.0,0.0,0.0,0.2,0.0,0.0,0.2,10,-2.0
4/21/1962,INTUnit5,4,2,0,3,1,3,2,0,1,,0.0,88.01667023,0.0,,,,,0.666666687,34.16666667,0.333333333,29.16666667,0.0,1.5,2.833333333,0.333333333,8.4,0.8,0.0,6.8,0.0,0.8,0.0,0.0,0.0,0.0,0.2,0.0,0.0,0.2,6,4.0
4/22/1962,INTUnit5,7,2,0,5,2,5,5,4,3,4.25,0.111111112,40.73888779,0.111111112,0.25,50.5,27.07604153,5.177314778,4.8888888360000005,37.22222222,2.222222222,26.0,0.5555555560000001,4.0,3.5555555560000003,0.8888888890000001,6.625,1.5,1.125,3.25,0.0,0.75,0.0,0.0,0.125,0.0,0.5,0.0,0.125,0.75,9,-2.0
4/23/1962,INTUnit5,7,1,0,2,1,2,3,2,1,0.0,0.0,23.33333397,0.125,0.0,41.5,,,1.75,37.0,5.375,25.375,0.25,2.875,2.375,0.75,8.857142857000001,1.857142857,1.857142857,4.0,0.0,1.142857143,0.0,0.0,0.0,0.0,0.28571428600000004,0.0,0.0,0.28571428600000004,8,2.0
4/24/1962,INTUnit5,10,1,0,6,3,6,5,4,3,0.0,0.0,83.1444397,0.09090909400000001,0.25,74.75,15.53680546,1.654166625,0.8181818129999999,31.09090909,1.0,23.45454545,0.454545455,2.0,1.636363636,2.545454545,4.818181818,0.9090909090000001,0.0,3.454545455,0.0,0.454545455,0.0,0.0,0.0,0.0,0.181818182,0.0,0.0,0.181818182,11,-1.0
4/25/1962,INTUnit5,11,0,0,8,4,8,5,3,4,2.3333332540000002,0.0,37.32500076,0.09090909400000001,0.333333343,36.33333206,50.42430542,14.44999992,1.0,28.36363636,0.545454545,22.0,0.363636364,2.272727273,2.636363636,0.545454545,5.8,1.2,0.0,3.8,0.1,0.7,0.0,0.0,0.0,0.0,0.0,0.0,0.0,0.0,11,1.0
4/26/1962,INTUnit5,11,0,0,8,3,8,5,4,5,2.5,0.09090909400000001,90.68000031,0.0,0.25,59.75,12.76620364,0.8435185,2.272727251,23.27272727,0.636363636,17.27272727,0.636363636,1.181818182,1.9090909090000001,1.636363636,3.875,0.25,0.0,3.375,0.0,0.25,0.0,0.0,0.0,0.0,0.0,0.0,0.0,0.0,11,0.0
4/27/1962,INTUnit5,10,0,0,8,3,8,4,4,3,0.0,0.10000000099999999,47.03333282,0.0,0.5,59.75,6.713194417,,2.799999952,21.9,0.8,18.3,0.1,1.3,1.4,0.0,4.3,0.4,0.0,3.7,0.0,0.2,0.0,0.0,0.0,0.0,0.0,0.0,0.0,0.0,10,-3.0
4/28/1962,INTUnit5,8,0,0,7,3,7,3,1,5,0.0,0.125,70.55667114,0.0,0.0,55.0,6.013194417,,5.375,26.375,0.375,20.75,0.75,2.625,1.75,0.125,3.875,0.875,0.0,3.0,0.0,0.0,0.0,0.0,0.0,0.0,0.0,0.0,0.0,0.0,8,1.0
4/29/1962,INTUnit5,5,0,0,4,1,4,2,2,1,0.0,0.0,46.31666565,0.0,1.0,41.5,0.563194438,,15.60000038,26.6,1.6,18.2,0.0,2.6,0.8,3.4,2.2,0.2,0.0,2.0,0.0,0.0,0.0,0.0,0.0,0.0,0.0,0.0,0.0,0.0,5,2.0
4/30/1962,INTUnit5,8,0,0,6,1,6,1,4,1,1.0,0.0,28.76666641,0.0,0.75,69.5,4.099305542,,10.625,32.5,4.125,21.875,0.0,2.75,1.0,2.75,4.8571428569999995,1.714285714,0.0,3.142857143,0.0,0.0,0.0,0.0,0.0,0.0,0.0,0.0,0.0,0.0,8,0.0
5/1/1962,INTUnit5,11,0,0,7,2,7,3,4,4,0.0,0.0,42.125,0.0,0.5,60.75,,,8.181818007999999,23.18181818,2.363636364,16.0,0.181818182,0.636363636,3.0909090910000003,0.9090909090000001,4.6,0.2,0.4,3.5,0.0,0.5,0.0,0.0,0.0,0.0,0.0,0.0,0.0,0.0,11,0.0
5/2/1962,INTUnit5,11,0,0,6,1,6,3,4,6,0.0,0.0,45.69722366,0.0,0.25,62.0,,,6.909090996000001,26.90909091,0.9090909090000001,19.54545455,0.545454545,1.8181818180000002,2.727272727,1.363636364,3.5,0.8,0.0,2.0,0.0,0.7,0.0,0.0,0.0,0.0,0.0,0.0,0.0,0.0,11,5.0
5/3/1962,INTUnit5,14,0,0,9,1,9,4,9,5,0.333333343,0.0,29.19666672,0.0,0.333333343,48.33333206,6.397569417000001,,5.857142925,30.14285714,0.9285714290000001,21.57142857,0.5,2.714285714,2.642857143,1.785714286,4.692307692,1.076923077,0.0,3.230769231,0.0,0.384615385,0.0,0.0,0.0,0.0,0.0,0.0,0.0,0.0,14,-9.0
5/4/1962,INTUnit5,9,0,0,7,1,7,4,0,4,,0.0,33.69583511,0.0,,,,,1.7777777909999999,26.0,0.333333333,20.66666667,0.333333333,2.777777778,1.111111111,0.7777777779999999,4.375,1.5,0.0,2.75,0.0,0.125,0.0,0.0,0.0,0.0,0.0,0.0,0.0,0.0,9,2.0
5/5/1962,INTUnit5,6,1,0,6,3,6,5,2,2,4.0,0.14285714900000002,50.08333206,0.14285714900000002,0.0,62.5,28.38611104,8.336111062,2.285714388,33.71428571,0.428571429,27.28571429,0.0,3.714285714,2.142857143,0.14285714300000002,3.714285714,1.857142857,0.0,1.857142857,0.0,0.0,0.0,0.0,0.0,0.0,0.0,0.571428571,0.0,0.571428571,7,1.0
5/6/1962,INTUnit5,7,1,0,6,2,6,4,3,2,0.0,0.125,75.18333435,0.25,0.0,38.66666794,0.928472167,,1.125,34.5,2.125,25.375,0.125,2.0,2.25,2.625,4.166666667,1.5,0.0,2.166666667,0.166666667,0.333333333,0.0,0.0,0.0,0.0,0.0,0.5,0.0,0.5,8,0.0
5/7/1962,INTUnit5,8,1,0,7,3,7,4,3,1,0.333333343,0.111111112,25.26666641,0.222222224,0.333333343,58.66666794,7.857291603999999,4.247916625,1.3333333729999999,33.11111111,2.444444444,23.55555556,0.111111111,2.111111111,3.4444444439999997,1.4444444440000002,6.75,0.75,0.0,4.75,0.125,1.125,0.0,0.0,0.5,0.0,1.375,0.125,0.0,2.0,9,-1.0
5/8/1962,INTUnit5,9,1,0,8,4,8,4,2,3,0.0,0.10000000099999999,30.60555649,0.200000003,0.0,79.0,,,1.600000024,32.4,3.0,22.5,0.1,3.7,2.9,0.2,6.8,1.7,0.4,3.9,0.0,0.8,0.0,0.0,0.1,0.0,0.4,0.7,0.0,1.2,10,2.0
5/9/1962,INTUnit5,10,1,0,6,4,6,4,4,3,0.75,0.09090909400000001,34.57777786,0.181818187,0.0,48.75,,,1.3636363740000002,29.0,2.363636364,18.81818182,0.272727273,2.9090909089999997,3.0,1.636363636,5.6363636360000005,0.545454545,0.727272727,4.090909091,0.0,0.272727273,0.0,0.0,0.0,0.0,0.454545455,0.272727273,0.0,0.727272727,11,1.0
5/10/1962,INTUnit5,12,1,0,7,3,7,6,5,4,0.800000012,0.07692308,45.65000153,0.230769232,0.800000012,62.79999924,12.06805552,,1.615384579,30.07692308,1.4615384619999998,22.46153846,0.23076923100000002,2.230769231,1.9230769230000002,1.769230769,5.846153846,0.615384615,0.153846154,4.769230769,0.0,0.307692308,0.0,0.0,0.076923077,0.0,1.230769231,0.0,0.0,1.307692308,13,-4.0
5/11/1962,INTUnit5,8,2,0,5,2,5,6,0,4,,0.0,30.32916641,0.300000012,,,,,1.200000048,30.1,0.1,26.4,0.1,1.6,1.9,0.0,7.777777778,1.222222222,0.0,6.0,0.0,0.5555555560000001,0.0,0.0,0.111111111,0.0,1.333333333,0.333333333,0.0,1.7777777780000001,10,1.0
5/12/1962,INTUnit5,5,2,0,4,3,4,4,1,0,0.0,0.0,,0.28571429800000003,0.0,53.0,,,0.7142857309999999,32.57142857,3.0,25.0,0.14285714300000002,3.428571429,1.0,0.0,5.857142857,1.714285714,0.0,3.857142857,0.0,0.28571428600000004,0.0,0.0,0.28571428600000004,0.0,0.28571428600000004,0.571428571,0.0,1.142857143,7,2.0
5/13/1962,INTUnit5,8,2,0,6,3,6,5,3,2,0.666666687,0.0,44.383331299999995,0.200000003,0.333333343,65.33333588,21.95069437,3.635416625,1.399999976,34.7,2.5,24.6,0.3,3.1,1.5,2.7,6.5,0.7,0.5,4.8,0.3,0.2,0.0,0.0,0.1,0.2,0.9,0.3,0.0,1.5,10,-1.0
5/14/1962,INTUnit5,8,2,0,6,2,6,3,2,2,0.0,0.0,31.54166794,0.10000000099999999,0.0,62.5,6.728472187,0.717361083,1.600000024,30.4,2.0,20.5,0.1,2.8,2.2,2.8,7.8,1.1,0.0,6.0,0.0,0.7,0.0,0.0,0.0,0.0,1.4,0.6,0.0,2.0,10,3.0
5/15/1962,INTUnit5,11,2,0,5,2,5,2,5,4,0.600000024,0.0,99.77500153,0.07692308,0.800000012,60.20000076,10.00555554,1.5625,2.2307691569999997,30.76923077,3.076923077,21.07692308,0.23076923100000002,2.8461538460000004,2.769230769,0.7692307690000001,5.692307692000001,0.7692307690000001,0.0,4.230769231,0.0,0.692307692,0.0,0.0,0.23076923100000002,0.0,0.615384615,0.23076923100000002,0.0,1.076923077,13,-5.0
5/16/1962,INTUnit5,7,2,0,2,1,2,2,0,3,,0.0,106.37222290000001,0.222222224,,,,,2.4444444180000002,29.44444444,0.111111111,24.22222222,0.0,2.888888889,2.222222222,0.0,5.222222222,1.0,0.0,3.777777778,0.0,0.444444444,0.0,0.0,0.0,0.0,0.444444444,0.333333333,0.0,0.7777777779999999,9,4.0
5/17/1962,INTUnit5,8,2,0,4,1,4,1,4,4,0.25,0.0,75.95417023,0.200000003,0.75,53.5,0.37222220799999994,,2.099999905,32.8,2.9,23.1,0.8,1.9,3.0,1.1,5.2,0.4,0.0,4.6,0.1,0.1,0.0,0.0,0.0,0.0,0.0,0.1,0.0,0.1,10,-3.0
5/18/1962,INTUnit5,6,1,0,3,2,3,1,1,4,0.0,0.0,39.57916641,0.28571429800000003,1.0,66.0,,,1.0,33.57142857,2.142857143,23.71428571,0.428571429,3.0,4.285714286,0.0,3.166666667,0.5,0.166666667,1.6666666669999999,0.0,0.833333333,0.0,0.0,0.0,0.0,0.0,0.0,0.0,0.0,7,0.0
5/19/1962,INTUnit5,4,0,0,3,3,3,1,1,0,0.0,0.0,,0.5,0.0,40.0,,,0.0,45.25,3.5,34.5,0.0,4.5,2.75,0.0,4.333333333,1.333333333,0.0,3.0,0.0,0.0,0.0,0.0,0.0,0.0,0.0,0.0,0.0,0.0,4,1.0
5/20/1962,INTUnit5,6,0,0,4,3,4,5,2,1,0.0,0.0,33.11666489,0.333333343,0.0,69.5,0.300694417,,0.5,34.66666667,0.666666667,25.0,1.6666666669999999,3.833333333,2.166666667,1.333333333,2.0,1.5,0.0,0.333333333,0.0,0.166666667,0.0,0.0,0.0,0.0,0.0,0.0,0.0,0.0,6,-1.0
5/21/1962,INTUnit5,6,0,0,3,2,3,5,1,0,0.0,0.0,,0.333333343,1.0,66.0,0.550694417,0.550694417,1.1666666270000001,38.5,3.5,26.66666667,1.333333333,2.666666667,3.833333333,0.5,3.0,1.5,0.0,0.5,0.5,0.5,0.0,0.0,0.0,0.0,0.0,0.0,0.0,0.0,6,5.0
5/22/1962,INTUnit5,12,0,0,9,3,9,7,6,3,0.0,0.0,37.17222214,0.166666672,0.666666687,60.16666794,4.026041646,,2.0833332540000002,28.0,1.8333333330000001,20.91666667,0.083333333,1.8333333330000001,1.8333333330000001,1.5,4.454545455,0.818181818,0.0,3.272727273,0.0,0.363636364,0.0,0.0,0.0,0.0,0.0,0.0,0.0,0.0,12,-2.0
5/23/1962,INTUnit5,13,0,0,11,3,11,6,4,6,0.0,0.0,42.09444427,0.230769232,0.5,58.5,4.714583333,0.729166667,4.076922894,30.61538462,1.4615384619999998,22.53846154,0.384615385,2.538461538,2.384615385,1.307692308,4.923076923,0.307692308,0.076923077,4.153846154,0.0,0.384615385,0.0,0.0,0.0,0.0,0.0,0.0,0.0,0.0,13,2.0
5/24/1962,INTUnit5,13,0,0,12,4,12,6,6,4,0.0,0.0,25.32916641,0.230769232,0.5,61.33333206,2.955555542,,5.692307472,32.76923077,2.538461538,21.92307692,0.307692308,2.615384615,3.461538462,1.9230769230000002,7.416666667,1.166666667,0.0,5.666666667,0.0,0.583333333,0.0,0.0,0.0,0.0,0.0,0.0,0.0,0.0,13,-5.0
5/25/1962,INTUnit5,10,0,0,9,3,9,5,1,5,0.0,0.0,23.40333366,0.300000012,1.0,58.0,,,7.0,27.9,0.1,23.2,0.3,2.2,2.1,0.0,7.875,1.375,0.0,5.25,0.0,1.25,0.0,0.0,0.0,0.0,0.0,0.0,0.0,0.0,10,0.0
5/26/1962,INTUnit5,6,0,0,6,3,6,4,1,1,1.0,0.0,41.13333511,0.333333343,0.0,43.0,,,6.5,48.66666667,7.333333333,31.5,0.166666667,5.833333333,3.666666667,0.166666667,5.5,3.5,0.0,1.8333333330000001,0.0,0.166666667,0.0,0.0,0.0,0.0,0.0,0.0,0.0,0.0,6,0.0
5/27/1962,INTUnit5,6,0,0,5,3,5,5,1,1,0.0,0.0,218.4333344,0.333333343,0.0,73.0,,,5.5,46.5,2.833333333,33.66666667,0.166666667,4.333333333,4.5,1.0,4.833333333,3.333333333,0.0,0.833333333,0.0,0.666666667,0.0,0.0,0.0,0.0,0.0,0.0,0.0,0.0,6,1.0
5/28/1962,INTUnit5,6,1,0,5,4,5,5,2,0,2.0,0.0,,0.28571429800000003,0.5,65.0,8.582638792000001,2.5749999580000003,5.857142925,45.71428571,2.714285714,33.71428571,0.28571428600000004,4.428571429,3.714285714,0.857142857,6.285714286,3.142857143,0.0,2.5714285709999998,0.0,0.571428571,0.0,0.0,0.0,0.0,0.14285714300000002,0.0,0.0,0.14285714300000002,7,0.0
5/29/1962,INTUnit5,8,1,0,6,5,6,6,2,2,0.0,0.0,61.55833435,0.222222224,0.0,52.0,,,4.555555344,40.88888889,5.222222222,26.88888889,0.222222222,5.333333333,1.4444444440000002,1.7777777780000001,9.111111111,5.0,0.444444444,3.111111111,0.222222222,0.333333333,0.0,0.0,0.0,0.0,0.0,1.0,0.0,1.0,9,0.0
5/30/1962,INTUnit5,8,1,0,6,3,6,6,2,3,0.0,0.0,71.60555267,0.111111112,0.5,62.5,2.379861104,0.265972208,5.3333334919999995,34.11111111,2.222222222,24.33333333,0.222222222,4.666666667,2.111111111,0.5555555560000001,3.75,2.125,0.0,1.125,0.0,0.5,0.0,0.0,0.0,0.0,0.0,0.625,0.0,0.625,9,-2.0
5/31/1962,INTUnit5,5,1,0,5,2,5,4,0,1,,0.0,23.11666679,0.166666672,,,,,2.0,41.83333333,0.833333333,33.16666667,0.166666667,4.166666667,1.8333333330000001,1.6666666669999999,4.666666667,2.833333333,0.0,1.5,0.166666667,0.166666667,0.0,0.0,0.0,0.0,0.166666667,0.833333333,0.0,1.0,6,1.0
6/1/1962,INTUnit5,4,2,0,4,2,4,4,1,1,10.0,0.0,63.41666794,0.166666672,1.0,37.0,46.25416637,12.42916658,4.6666665080000005,41.66666667,1.6666666669999999,27.83333333,0.5,4.833333333,4.5,2.333333333,3.666666667,3.0,0.0,0.0,0.0,0.666666667,0.0,0.0,0.333333333,0.0,0.0,1.0,0.0,1.333333333,6,0.0
6/2/1962,INTUnit5,4,2,0,4,2,4,3,1,1,0.0,0.0,25.66666603,0.166666672,0.0,66.0,,,5.0,40.16666667,1.333333333,30.0,0.0,3.333333333,3.666666667,1.8333333330000001,3.75,2.0,0.0,0.0,0.0,1.75,0.0,0.0,0.0,0.0,0.0,0.5,0.0,0.5,6,1.0
6/3/1962,INTUnit5,6,1,0,5,2,5,3,2,2,0.0,0.0,13.65833378,0.14285714900000002,0.0,57.5,0.7986110829999999,,2.0,41.71428571,4.285714286,27.42857143,0.14285714300000002,3.857142857,4.428571429,1.571428571,5.428571429,1.714285714,0.0,2.4285714290000002,0.14285714300000002,1.142857143,0.0,0.0,0.14285714300000002,0.0,0.428571429,0.428571429,0.0,1.0,7,4.0
6/4/1962,INTUnit5,10,1,0,8,2,8,1,6,2,0.0,0.09090909400000001,15.22500038,0.181818187,0.5,61.66666794,2.931249979,1.8680555419999998,3.181818247,31.90909091,4.181818182,22.63636364,0.181818182,1.9090909090000001,2.272727273,0.727272727,6.272727272999999,0.727272727,0.090909091,4.909090909,0.0,0.545454545,0.0,0.0,0.272727273,0.0,0.0,0.0,0.0,0.272727273,11,-3.0
6/5/1962,INTUnit5,11,1,0,10,3,10,2,3,5,2.6666667459999998,0.166666672,18.76000023,0.166666672,0.333333343,63.66666794,2.98171293,,3.333333254,31.16666667,0.833333333,24.41666667,0.166666667,3.0,2.166666667,0.583333333,5.0,1.5,0.083333333,3.083333333,0.0,0.333333333,0.0,0.0,0.0,0.0,0.0,0.083333333,0.0,0.083333333,12,1.0
6/6/1962,INTUnit5,10,1,0,9,4,9,2,4,2,1.25,0.181818187,38.91666794,0.09090909400000001,0.75,54.5,30.92916658,6.980324056000001,2.818181753,32.72727273,1.0909090909999999,23.54545455,0.363636364,3.1818181819999998,3.6363636360000005,0.9090909090000001,6.909090909,1.0909090909999999,0.363636364,4.727272727,0.0,0.727272727,0.0,0.0,0.090909091,0.0,0.0,0.363636364,0.0,0.454545455,11,-3.0
6/7/1962,INTUnit5,9,1,0,8,4,8,2,1,4,2.0,0.10000000099999999,93.94166565,0.10000000099999999,0.0,54.0,,,2.099999905,37.0,1.4,27.5,0.3,3.7,2.8,1.3,7.0,1.8,0.2,4.5,0.0,0.4,0.1,0.0,0.0,0.0,0.1,0.6,0.0,0.7,10,3.0
6/8/1962,INTUnit5,9,1,0,8,2,8,4,3,4,0.0,0.0,21.14583397,0.200000003,0.0,57.0,13.26006942,4.182638875,6.6999998089999995,28.5,0.5,22.6,0.5,2.3,2.5,0.1,3.777777778,1.6666666669999999,0.0,1.888888889,0.0,0.222222222,0.0,0.0,0.0,0.0,0.0,0.444444444,0.0,0.444444444,10,-3.0
6/9/1962,INTUnit5,5,1,0,5,2,5,3,0,2,,0.0,49.76666641,0.333333343,,,,,10.83333302,30.83333333,0.166666667,24.5,0.0,4.166666667,2.0,0.0,4.5,2.166666667,0.0,2.0,0.0,0.333333333,0.0,0.0,0.0,0.0,0.5,1.0,0.0,1.5,6,0.0
6/10/1962,INTUnit5,3,1,0,3,1,3,1,0,0,,0.0,,0.25,,,,,2.5,38.75,1.0,27.0,0.25,5.75,3.0,1.75,7.75,4.5,0.5,1.5,0.75,0.5,0.0,0.0,0.25,0.25,0.0,1.25,0.0,1.75,4,5.0
6/11/1962,INTUnit5,8,1,0,6,4,6,6,3,3,0.0,0.0,33.31111145,0.111111112,0.333333343,59.33333206,11.21354162,7.981944417,2.777777672,36.33333333,2.444444444,25.33333333,0.111111111,3.111111111,2.222222222,3.111111111,4.0,1.0,0.333333333,2.666666667,0.0,0.0,0.0,0.0,0.0,0.0,0.111111111,0.444444444,0.0,0.5555555560000001,9,2.0
6/12/1962,INTUnit5,9,2,0,6,3,6,5,5,4,1.600000024,0.0,23.99166679,0.09090909400000001,0.200000003,49.79999924,30.08472208,6.5083332920000005,6.454545498,38.81818182,3.8181818180000002,26.63636364,0.545454545,3.727272727,4.090909091,0.0,6.3636363639999995,1.545454545,0.0,4.0,0.0,0.818181818,0.0,0.0,0.090909091,0.0,0.181818182,0.454545455,0.0,0.727272727,11,-3.0
6/13/1962,INTUnit5,7,2,0,6,2,6,2,2,2,1.0,0.0,20.28333282,0.111111112,0.5,82.5,,,6.666666508,38.11111111,1.111111111,27.88888889,0.333333333,4.0,3.888888889,0.8888888890000001,5.1111111110000005,1.111111111,0.0,2.888888889,0.0,1.111111111,0.0,0.0,0.111111111,0.0,0.111111111,0.111111111,0.0,0.333333333,9,4.0
6/14/1962,INTUnit5,11,2,0,9,5,9,6,6,1,2.833333254,0.0,24.58333397,0.07692308,0.333333343,52.5,14.27812492,5.30625,3.0,36.84615385,1.692307692,26.69230769,0.307692308,4.384615385,3.076923077,0.692307692,7.5,2.333333333,0.0,4.666666667,0.0,0.5,0.0,0.0,0.166666667,0.0,0.833333333,0.41666666700000005,0.0,1.4166666669999999,13,-6.0
6/15/1962,INTUnit5,10,2,0,8,4,8,5,2,5,1.0,0.0,20.74333382,0.166666672,0.0,71.5,1.7375,,3.833333254,30.66666667,0.25,25.0,0.083333333,2.75,2.583333333,0.0,8.9,2.6,0.0,5.5,0.0,0.8,0.0,0.0,0.2,0.0,1.1,0.1,0.0,1.4,12,-1.0
6/16/1962,INTUnit5,6,2,0,6,3,6,2,1,2,0.0,0.0,56.27500153,0.25,0.0,18.0,,,3.625,37.0,0.375,30.0,0.5,3.875,2.25,0.0,5.625,2.75,0.0,2.625,0.0,0.25,0.0,0.0,0.125,0.0,0.25,0.625,0.0,1.0,8,1.0
6/17/1962,INTUnit5,7,1,0,6,2,6,3,3,2,0.0,0.0,249.6750031,0.25,0.666666687,57.66666794,,,10.25,31.375,3.375,21.0,0.375,3.125,2.0,1.5,3.625,1.625,0.125,1.75,0.0,0.125,0.0,0.0,0.0,0.0,0.125,0.25,0.0,0.375,8,1.0
6/18/1962,INTUnit5,10,0,0,8,2,8,3,4,3,0.0,0.0,21.38888931,0.200000003,0.75,56.5,,,8.199999809,23.9,1.5,18.2,0.0,1.3,2.1,0.8,3.666666667,0.444444444,0.0,3.0,0.0,0.222222222,0.0,0.0,0.0,0.0,0.0,0.0,0.0,0.0,10,-2.0
6/19/1962,INTUnit5,9,0,0,8,3,8,3,2,3,0.0,0.0,26.69444466,0.222222224,0.0,43.5,21.28958329,1.208333333,1.5555555819999998,31.66666667,2.111111111,22.88888889,0.222222222,3.777777778,2.444444444,0.222222222,5.1111111110000005,1.7777777780000001,0.0,2.777777778,0.0,0.5555555560000001,0.0,0.0,0.0,0.0,0.0,0.0,0.0,0.0,9,0.0
6/20/1962,INTUnit5,8,0,0,7,3,7,5,2,2,0.0,0.0,113.70833590000002,0.25,0.0,48.0,3.330555542,0.443055542,0.875,33.5,2.0,26.0,0.125,3.125,0.75,1.5,4.6,1.8,0.0,2.6,0.0,0.2,0.0,0.0,0.0,0.0,0.0,0.0,0.0,0.0,8,-1.0
6/21/1962,INTUnit5,7,0,0,6,1,6,5,1,1,0.0,0.0,44.59999847,0.14285714900000002,0.0,39.0,13.09236104,5.497916625,1.142857194,39.28571429,0.14285714300000002,31.14285714,0.14285714300000002,4.285714286,2.0,1.571428571,12.14285714,2.142857143,0.0,9.142857142999999,0.0,0.857142857,0.0,0.0,0.0,0.0,0.0,0.0,0.0,0.0,7,2.0
6/22/1962,INTUnit5,9,0,0,7,2,7,6,2,3,0.0,0.0,33.29999924,0.111111112,1.0,50.0,,,1.3333333729999999,33.33333333,0.222222222,26.77777778,0.111111111,3.888888889,1.4444444440000002,0.8888888890000001,6.777777778,1.7777777780000001,0.0,4.333333333,0.0,0.666666667,0.0,0.0,0.0,0.0,0.0,0.0,0.0,0.0,9,-1.0
6/23/1962,INTUnit5,6,1,0,5,2,5,4,1,1,0.0,0.0,16.18333244,0.14285714900000002,1.0,41.0,,,1.0,40.71428571,1.428571429,30.0,0.14285714300000002,4.428571429,2.142857143,2.5714285709999998,9.666666667000001,3.0,0.0,5.833333333,0.0,0.833333333,0.0,0.0,0.0,0.0,0.0,0.0,0.0,0.0,7,1.0
6/24/1962,INTUnit5,7,1,0,5,2,5,4,2,0,0.0,0.0,,0.125,0.5,78.5,0.120138875,,1.125,38.75,0.625,28.375,0.0,5.25,1.5,3.0,9.375,3.5,0.0,5.25,0.0,0.625,0.0,0.0,0.0,0.0,1.25,0.125,0.0,1.375,8,0.0
6/25/1962,INTUnit5,9,1,0,7,3,7,5,2,2,0.0,0.10000000099999999,23.75,0.10000000099999999,0.5,50.0,37.23194442,22.0625,1.100000024,33.3,1.2,23.6,0.4,4.7,2.2,1.2,8.8,3.7,0.0,4.3,0.0,0.8,0.0,0.0,0.2,0.0,0.5,0.0,0.0,0.7,10,0.0
6/26/1962,INTUnit5,9,1,0,6,3,6,6,2,1,0.0,0.10000000099999999,134.2166595,0.10000000099999999,0.5,70.0,,,0.699999988,36.66666667,0.7777777779999999,27.77777778,0.222222222,4.777777778,1.888888889,1.222222222,9.666666667000001,3.0,0.0,6.333333333,0.111111111,0.222222222,0.0,0.0,0.111111111,0.0,1.0,0.111111111,0.0,1.222222222,10,0.0
6/27/1962,INTUnit5,10,1,0,8,4,8,6,2,4,1.0,0.09090909400000001,39.24583435,0.272727281,1.0,31.5,10.02291658,,1.454545498,33.27272727,0.727272727,25.54545455,0.454545455,4.090909091,1.9090909090000001,0.545454545,8.727272727,3.3636363639999995,0.0,4.818181818,0.0,0.545454545,0.0,0.0,0.090909091,0.0,0.363636364,0.0,0.0,0.454545455,11,-1.0
6/28/1962,INTUnit5,8,0,0,7,4,7,3,1,3,7.0,0.25,37.27777863,0.25,0.0,56.0,13.38541658,4.811111083,1.875,35.75,0.5,30.25,0.125,3.125,1.125,0.625,5.75,2.25,0.0,3.125,0.125,0.25,0.0,0.0,0.0,0.0,0.0,0.0,0.0,0.0,8,2.0
6/29/1962,INTUnit5,8,0,0,7,3,7,4,3,0,0.666666687,0.0,,0.375,0.333333343,64.33333588,14.72152775,5.0534722080000005,2.875,38.625,1.0,28.625,0.25,3.375,2.5,2.875,8.0,2.25,0.0,5.25,0.0,0.5,0.0,0.0,0.0,0.0,0.0,0.0,0.0,0.0,8,-3.0
6/30/1962,INTUnit5,8,0,0,7,3,7,4,0,2,,0.0,40.90833282,0.5,,,,,2.875,36.625,0.0,30.75,0.25,2.5,3.125,0.0,8.875,2.0,0.0,6.25,0.0,0.625,0.0,0.0,0.0,0.0,0.0,0.0,0.0,0.0,8,4.0
7/1/1962,INTUnit5,9,1,0,8,3,8,3,3,2,0.0,0.10000000099999999,424.2666626,0.300000012,0.666666687,42.33333206,,,3.5,31.2,1.4,23.6,0.6,2.9,1.8,0.9,6.8888888889999995,1.4444444440000002,0.0,4.8888888889999995,0.0,0.5555555560000001,0.0,0.0,0.0,0.0,0.444444444,0.333333333,0.0,0.7777777779999999,10,0.0
7/2/1962,INTUnit5,10,1,0,7,3,7,4,3,3,0.0,0.09090909400000001,40.33333206,0.181818187,0.333333343,55.66666794,,,3.909090996,32.63636364,2.545454545,22.45454545,0.181818182,3.3636363639999995,1.727272727,2.363636364,6.0,1.8181818180000002,0.0,3.9090909089999997,0.0,0.272727273,0.0,0.0,0.0,0.0,0.181818182,0.181818182,0.0,0.363636364,11,-3.0
7/3/1962,INTUnit5,7,1,0,5,2,5,2,0,2,,0.125,20.45833397,0.125,,,,,3.0,37.5,0.125,29.625,0.5,4.125,2.625,0.5,6.0,1.75,0.0,4.125,0.0,0.125,0.0,0.0,0.125,0.0,0.25,0.25,0.0,0.625,8,6.0
7/4/1962,INTUnit5,11,1,0,9,4,9,4,5,2,1.200000048,0.083333336,67.83333588,0.166666672,0.800000012,65.19999695,9.899652771,1.005555542,2.3333332540000002,32.16666667,1.333333333,23.16666667,0.166666667,3.25,2.5,1.75,5.5,1.166666667,0.0,4.166666667,0.0,0.166666667,0.0,0.0,0.0,0.0,0.25,0.0,0.0,0.25,12,0.0
7/5/1962,INTUnit5,15,0,0,12,5,12,9,5,5,1.0,0.0,49.51666641,0.200000003,0.0,61.20000076,1.5631944169999998,,1.933333278,30.06666667,1.733333333,21.66666667,0.4,3.2,2.266666667,0.8,8.428571429,2.0714285709999998,0.0,5.857142857,0.071428571,0.428571429,0.0,0.0,0.0,0.0,0.0,0.0,0.0,0.0,15,-3.0
7/6/1962,INTUnit5,12,0,0,10,5,10,8,2,4,0.0,0.083333336,21.21249962,0.25,0.0,63.0,54.08541658,11.12083333,1.833333373,31.33333333,0.41666666700000005,26.08333333,0.166666667,2.5,2.0,0.166666667,8.833333332999999,1.25,0.0,7.166666667,0.0,0.41666666700000005,0.0,0.0,0.0,0.0,0.0,0.0,0.0,0.0,12,1.0
7/7/1962,INTUnit5,11,0,0,7,4,7,5,3,3,0.0,0.09090909400000001,23.51111031,0.181818187,0.333333343,42.0,0.39791666700000006,,1.6363636259999998,33.54545455,1.2727272729999999,25.27272727,0.363636364,2.636363636,2.727272727,1.2727272729999999,8.5,1.8,0.0,6.2,0.0,0.5,0.0,0.0,0.0,0.0,0.0,0.0,0.0,0.0,11,-2.0
7/8/1962,INTUnit5,9,0,0,7,4,7,6,1,2,0.0,0.0,54.06666565,0.222222224,1.0,48.0,,,1.0,33.88888889,0.8888888890000001,26.22222222,0.111111111,3.222222222,3.222222222,0.222222222,8.555555556,1.888888889,0.0,5.777777778,0.0,0.8888888890000001,0.0,0.0,0.0,0.0,0.0,0.0,0.0,0.0,9,1.0
7/9/1962,INTUnit5,9,0,0,8,4,8,5,2,1,0.0,0.0,133.5500031,0.222222224,0.5,68.5,,,3.777777672,29.77777778,1.333333333,20.88888889,0.111111111,2.888888889,1.888888889,2.666666667,6.1111111110000005,2.555555556,0.0,2.222222222,0.444444444,0.8888888890000001,0.0,0.0,0.0,0.0,0.0,0.0,0.0,0.0,9,2.0
7/10/1962,INTUnit5,12,0,0,7,3,7,7,4,3,0.0,0.0,42.98333359,0.083333336,0.5,62.25,3.916666667,,2.833333254,33.25,0.41666666700000005,23.58333333,0.25,2.833333333,3.083333333,3.083333333,7.5,1.7,0.0,5.1,0.0,0.7,0.0,0.0,0.0,0.0,0.0,0.0,0.0,0.0,12,-2.0
7/11/1962,INTUnit5,11,0,0,6,4,6,6,2,4,0.0,0.0,176.40417480000002,0.09090909400000001,0.0,69.5,5.047916667,5.047916667,1.0909091229999999,37.09090909,0.272727273,27.63636364,0.363636364,4.3636363639999995,3.454545455,1.0,10.54545455,1.9090909090000001,0.0,7.181818182000001,0.0,1.454545455,0.0,0.0,0.0,0.0,0.0,0.0,0.0,0.0,11,2.0
7/12/1962,INTUnit5,11,0,0,6,5,6,7,4,2,0.5,0.0,61.42499924,0.09090909400000001,0.25,63.75,3.322916667,,0.636363626,36.54545455,0.636363636,28.27272727,0.090909091,5.0,2.0,0.545454545,12.72727273,3.0,0.0,9.090909091,0.0,0.636363636,0.0,0.0,0.0,0.0,0.0,0.0,0.0,0.0,11,-4.0
7/13/1962,INTUnit5,9,0,0,5,4,5,6,0,2,,0.0,42.91666412,0.111111112,,,,,0.444444448,35.44444444,0.666666667,29.11111111,0.222222222,4.0,1.4444444440000002,0.0,7.8888888889999995,1.888888889,0.0,5.333333333,0.0,0.666666667,0.0,0.0,0.0,0.0,0.0,0.0,0.0,0.0,9,1.0
7/14/1962,INTUnit5,8,0,0,7,5,7,7,0,0,,0.0,,0.125,,,,,0.25,37.875,0.125,30.0,0.0,4.875,2.25,0.625,12.0,5.285714286,0.0,5.285714286,0.0,1.428571429,0.0,0.0,0.0,0.0,0.0,0.0,0.0,0.0,8,1.0
7/15/1962,INTUnit5,9,0,0,8,5,8,8,1,1,0.0,0.0,125.34999850000001,0.111111112,0.0,46.0,6.281249957999999,0.56527775,0.333333343,35.33333333,0.444444444,24.33333333,0.222222222,5.444444444,2.555555556,2.333333333,9.111111111,3.666666667,0.0,4.1111111110000005,0.222222222,1.111111111,0.0,0.0,0.0,0.0,0.0,0.0,0.0,0.0,9,1.0
7/16/1962,INTUnit5,10,0,0,8,5,8,7,2,1,0.0,0.0,21.14999962,0.10000000099999999,0.0,57.5,,,0.699999988,34.9,0.2,23.5,0.0,4.7,2.5,4.0,8.8,3.3,0.0,4.8,0.1,0.6,0.0,0.0,0.0,0.0,0.0,0.0,0.0,0.0,10,1.0
7/17/1962,INTUnit5,11,1,0,8,6,8,7,3,1,0.0,0.0,25.28333282,0.083333336,0.666666687,63.0,23.22187496,27.44513888,1.0833333729999999,35.33333333,1.8333333330000001,24.66666667,0.083333333,5.25,1.75,1.75,10.36363636,3.454545455,0.0,6.090909091,0.090909091,0.727272727,0.0,0.0,0.0,0.0,0.0,0.0,0.0,0.0,12,-1.0
7/18/1962,INTUnit5,12,1,0,10,6,10,8,2,3,0.0,0.0,71.77222443,0.15384616,0.5,66.0,0.65,,1.307692289,34.84615385,1.0,25.30769231,0.076923077,5.153846154,3.076923077,0.23076923100000002,11.83333333,3.666666667,0.0,6.916666667,0.0,1.25,0.0,0.0,0.333333333,0.0,1.0,0.666666667,0.0,2.0,13,1.0
7/19/1962,INTUnit5,12,1,0,8,4,8,9,3,3,0.0,0.0,35.28333282,0.07692308,0.666666687,63.66666794,,,1.4615384340000002,32.15384615,0.46153846200000004,24.07692308,0.307692308,4.461538462,1.9230769230000002,0.923076923,8.333333332999999,2.333333333,0.0,5.25,0.0,0.75,0.0,0.0,0.166666667,0.0,0.333333333,0.25,0.0,0.75,13,-2.0
7/20/1962,INTUnit5,10,1,0,8,4,8,8,1,3,0.0,0.0,20.59444427,0.09090909400000001,0.0,30.0,,,1.3636363740000002,28.09090909,0.454545455,22.72727273,0.363636364,2.545454545,1.8181818180000002,0.181818182,7.545454545,1.636363636,0.0,5.454545455,0.0,0.454545455,0.0,0.0,0.0,0.0,1.0909090909999999,0.090909091,0.0,1.181818182,11,1.0
7/21/1962,INTUnit5,9,1,0,9,4,9,6,2,2,0.0,0.0,64.1333313,0.10000000099999999,0.5,28.5,5.683333292,0.938888875,0.800000012,27.7,0.1,23.8,0.5,1.7,1.5,0.1,6.7,1.1,0.0,5.3,0.0,0.3,0.0,0.0,0.2,0.0,1.0,0.0,0.0,1.2,10,0.0
7/22/1962,INTUnit5,10,0,0,9,4,9,6,2,1,0.0,0.0,251.53334049999998,0.10000000099999999,0.5,39.5,,,1.5,29.6,2.4,21.7,0.2,2.9,1.8,0.6,5.9,1.4,0.0,4.2,0.1,0.2,0.0,0.0,0.0,0.0,0.0,0.0,0.0,0.0,10,-1.0
7/23/1962,INTUnit5,10,0,0,8,5,8,5,1,1,0.0,0.0,20.86666679,0.10000000099999999,0.0,88.0,,,1.5,32.2,0.1,21.4,0.1,4.6,3.5,2.5,7.5,1.7,0.0,4.7,0.1,1.0,0.0,0.0,0.0,0.0,0.0,0.0,0.0,0.0,10,1.0
7/24/1962,INTUnit5,11,0,0,10,6,10,6,2,3,0.0,0.0,120.28888700000002,0.09090909400000001,0.5,46.5,0.175,0.175,1.181818128,34.36363636,2.454545455,23.0,0.090909091,3.272727273,3.1818181819999998,2.363636364,7.454545455,1.181818182,0.0,5.272727273,0.0,1.0,0.0,0.0,0.0,0.0,0.0,0.0,0.0,0.0,11,1.0
7/25/1962,INTUnit5,11,0,0,8,7,8,4,3,3,0.0,0.0,119.32221979999998,0.09090909400000001,0.666666687,75.0,6.114930521000001,3.947916667,2.0,33.90909091,0.363636364,23.54545455,0.181818182,4.090909091,2.9090909089999997,2.8181818180000002,8.272727273,2.363636364,0.0,5.090909091,0.090909091,0.727272727,0.0,0.0,0.0,0.0,0.0,0.0,0.0,0.0,11,-1.0
7/26/1962,INTUnit5,10,0,0,5,5,5,6,2,2,0.0,0.0,47.116668700000005,0.10000000099999999,0.5,76.5,,,1.899999976,31.1,2.1,21.3,0.6,4.1,1.6,1.4,7.2,3.1,0.0,3.5,0.1,0.5,0.0,0.0,0.0,0.0,0.0,0.0,0.0,0.0,10,0.0
7/27/1962,INTUnit5,10,0,0,6,6,6,6,1,2,0.0,0.0,37.15833282,0.300000012,0.0,25.0,,,1.5,26.2,0.2,21.1,0.0,3.1,1.3,0.5,7.7,1.8,0.0,5.6,0.0,0.3,0.0,0.0,0.0,0.0,0.0,0.0,0.0,0.0,10,-1.0
7/28/1962,INTUnit5,8,0,0,6,5,6,4,0,2,,0.0,44.41666794,0.375,,,,,0.625,30.0,0.0,25.125,0.125,2.875,1.875,0.0,8.625,1.75,0.0,6.625,0.0,0.25,0.0,0.0,0.0,0.0,0.0,0.0,0.0,0.0,8,4.0
7/29/1962,INTUnit5,9,1,0,5,4,5,3,4,2,1.25,0.0,98.26666259999999,0.200000003,0.5,68.5,21.62395827,2.689930542,1.399999976,31.6,0.9,23.7,0.1,3.8,1.5,1.6,7.4,3.1,0.0,4.2,0.0,0.1,0.0,0.0,0.0,0.0,0.1,0.3,0.0,0.4,10,-2.0
7/30/1962,INTUnit5,9,1,0,6,3,6,3,2,2,0.0,0.0,22.83333206,0.200000003,0.0,24.5,,,1.0,28.7,0.8,23.2,0.3,1.8,2.0,0.6,4.8,1.0,0.0,3.1,0.0,0.7,0.0,0.0,0.1,0.0,0.3,0.2,0.0,0.6,10,1.0
7/31/1962,INTUnit5,9,1,1,6,4,6,3,2,3,0.0,0.0,66.96666718,0.181818187,0.5,56.5,1.078472208,,7.363636494,34.27272727,3.0,24.0,0.181818182,3.0909090910000003,2.090909091,1.9090909090000001,5.727272727000001,1.8181818180000002,0.0,3.272727273,0.090909091,0.545454545,0.0,0.0,0.090909091,0.0,0.9090909090000001,0.0,0.0,1.0,11,0.0
8/1/1962,INTUnit5,8,0,2,4,4,4,3,2,1,0.0,0.0,123.0,0.10000000099999999,0.5,55.5,1.9680555419999999,,9.0,35.5,2.4,25.6,0.4,3.2,2.7,1.2,9.4,2.0,0.0,6.4,0.0,1.0,0.0,0.0,0.1,0.0,2.3,0.1,0.0,2.5,10,0.0
8/2/1962,INTUnit5,9,0,2,5,4,5,3,2,3,0.0,0.0,27.34444427,0.09090909400000001,0.5,54.0,0.34375,,8.909090996,32.18181818,2.090909091,22.45454545,0.272727273,3.454545455,3.0909090910000003,0.818181818,6.8,1.4,0.0,4.5,0.1,0.8,0.0,0.0,0.2,0.1,1.9,0.2,0.0,2.4,11,-2.0
8/3/1962,INTUnit5,6,0,2,4,3,4,4,0,1,,0.0,28.31666756,0.125,,,,,10.375,31.5,0.0,26.125,0.125,2.75,2.5,0.0,8.571428571,1.714285714,0.0,6.0,0.0,0.857142857,0.0,0.0,0.857142857,0.0,3.714285714,0.14285714300000002,0.0,4.714285714,8,1.0
8/4/1962,INTUnit5,5,1,2,4,3,4,3,0,1,,0.0,43.21666718,0.125,,,,,10.75,30.625,0.125,25.25,0.0,2.625,2.25,0.375,7.75,2.0,0.0,5.0,0.0,0.75,0.0,0.0,0.0,0.0,2.0,0.375,0.0,2.375,8,3.0
8/5/1962,INTUnit5,7,1,2,6,3,6,2,3,3,1.3333333729999999,0.0,455.28332520000004,0.10000000099999999,0.666666687,62.0,,,8.899999618999999,32.9,1.2,24.1,0.3,3.1,3.0,1.2,7.1,2.5,0.0,3.6,0.5,0.5,0.0,0.0,0.3,0.3,1.1,0.9,0.0,2.6,10,-3.0
8/6/1962,INTUnit5,5,1,1,4,1,4,1,0,2,,0.0,24.875,0.14285714900000002,,,,,2.142857075,33.57142857,0.28571428600000004,24.85714286,0.28571428600000004,5.428571429,2.714285714,0.0,6.285714286,1.857142857,0.0,3.714285714,0.0,0.7142857140000001,0.0,0.0,0.28571428600000004,0.0,1.0,0.7142857140000001,0.0,2.0,7,0.0
8/7/1962,INTUnit5,3,1,1,2,1,2,0,0,1,,0.0,43.31666565,0.0,,,,,2.200000048,33.4,0.2,24.2,0.4,5.6,2.6,0.4,4.4,1.8,0.0,1.4,0.2,1.0,0.0,0.0,0.2,0.2,0.6,0.2,0.0,1.2,5,2.0
8/8/1962,INTUnit5,4,2,0,2,2,2,1,1,0,0.0,0.166666672,,0.166666672,0.0,30.0,,,2.1666667459999998,38.0,0.833333333,28.5,0.166666667,4.0,3.333333333,1.166666667,5.6,1.6,0.0,2.8,0.0,1.2,0.0,0.0,0.6,0.0,0.2,0.2,0.0,1.0,6,0.0
8/9/1962,INTUnit5,5,2,0,3,2,3,2,1,1,0.0,0.14285714900000002,21.89999962,0.14285714900000002,0.0,59.0,3.590972208,,4.142857075,32.71428571,0.428571429,24.28571429,0.14285714300000002,3.714285714,2.142857143,2.0,6.5,1.8333333330000001,0.0,3.833333333,0.0,0.833333333,0.0,0.0,0.666666667,0.0,1.166666667,0.5,0.0,2.333333333,7,1.0
8/10/1962,INTUnit5,6,2,0,4,2,4,2,1,2,0.0,0.125,372.3666687,0.125,1.0,60.0,,,4.0,32.625,1.375,26.0,0.625,2.25,2.375,0.0,3.833333333,1.5,0.0,1.5,0.0,0.833333333,0.0,0.0,0.166666667,0.0,0.333333333,0.5,0.0,1.0,8,0.0
